steps,time,reward,delta,converged
1,0.0,-0.12812500000000004,1.0,False
2,0.0,-0.13103448275862073,1.0,False
3,0.0,-0.16923076923076924,1.0,False
4,0.0,-0.16428571428571428,1.0,False
5,0.009999999999990905,-0.12000000000000001,1.0,False
6,0.0,-0.16000000000000003,1.0,False
7,0.0,-0.12727272727272732,1.0,False
8,0.009999999999990905,-0.11232876712328754,1.0,False
9,0.0,-0.14500000000000002,1.0,False
10,0.0,-0.13461538461538464,1.0,False
11,0.009999999999990905,-0.11578947368421046,1.0,False
12,0.0,-0.11730769230769227,1.0,False
13,0.0,-0.13750000000000004,1.0,False
14,0.0,-0.19999999999999998,1.0,False
15,0.009999999999990905,-0.13214285714285717,1.0,False
16,0.0,-0.12903225806451618,1.0,False
17,0.0,-0.12432432432432436,1.0,False
18,0.0,-0.19999999999999998,1.0,False
19,0.009999999999990905,-0.11799999999999997,1.0,False
20,0.0,-0.13333333333333336,1.0,False
21,0.0,-0.12571428571428578,1.0,False
22,0.0,-0.12368421052631584,1.0,False
23,0.009999999999990905,-0.14500000000000002,1.0,False
24,0.0,-0.11914893617021276,1.0,False
25,0.0,-0.19,1.0,False
26,0.009999999999990905,-0.10825688073394475,1.0,False
27,0.009999999999990905,-0.10999999999999982,1.0,False
28,0.0,-0.13600000000000004,1.0,False
29,0.0,-0.15000000000000002,1.0,False
30,0.0,-0.13461538461538464,1.0,False
31,0.0,-0.15294117647058827,1.0,False
32,0.009999999999990905,-0.11124999999999985,1.0,False
33,0.0,-0.13000000000000003,1.0,False
34,0.0,-0.16923076923076924,1.0,False
35,0.0,-0.15000000000000002,1.0,False
36,0.0,-0.15625,1.0,False
37,0.01999999999998181,-0.1034090909090913,1.0,False
38,0.0,-0.13750000000000004,1.0,False
39,0.0,-0.19999999999999998,1.0,False
40,0.0,-0.13333333333333336,1.0,False
41,0.009999999999990905,-0.10833333333333313,1.0,False
42,0.009999999999990905,-0.11084337349397574,1.0,False
43,0.0,-0.11384615384615374,1.0,False
44,0.009999999999990905,-0.11666666666666661,1.0,False
45,0.0,-0.13461538461538464,1.0,False
46,0.0,-0.12812500000000004,1.0,False
47,0.009999999999990905,-0.11199999999999986,1.0,False
48,0.0,-0.14500000000000002,1.0,False
49,0.009999999999990905,-0.11034482758620673,1.0,False
50,0.0,-0.14736842105263162,1.0,False
51,0.010000000000218279,-0.11097560975609741,1.0,False
52,0.0,-0.10719999999999978,1.0,False
53,0.0,-0.11698113207547164,1.0,False
54,0.0,-0.15625,1.0,False
55,0.0,-0.14090909090909093,1.0,False
56,0.009999999999990905,-0.11551724137931027,1.0,False
57,0.0,-0.13103448275862073,1.0,False
58,0.0,-0.2125,1.0,False
59,0.0,-0.11914893617021276,1.0,False
60,0.009999999999990905,-0.13600000000000004,1.0,False
61,0.009999999999990905,-0.11071428571428556,1.0,False
62,0.0,-0.13103448275862073,1.0,False
63,0.0,-0.14500000000000002,1.0,False
64,0.009999999999990905,-0.11499999999999992,1.0,False
65,0.0,-0.12307692307692314,1.0,False
66,0.0,-0.13000000000000003,1.0,False
67,0.009999999999990905,-0.13333333333333336,1.0,False
68,0.0,-0.10918367346938757,1.0,False
69,0.009999999999990905,-0.11874999999999998,1.0,False
70,0.0,-0.11267605633802805,1.0,False
71,0.01999999999998181,-0.10532544378698207,1.0,False
72,0.0,-0.15625,1.0,False
73,0.0,-0.11249999999999988,1.0,False
74,0.009999999999990905,-0.11499999999999992,1.0,False
75,0.0,-0.1081081081081079,1.0,False
76,0.009999999999990905,-0.15000000000000002,1.0,False
77,0.0,-0.11451612903225797,1.0,False
78,0.009999999999990905,-0.10708661417322812,1.0,False
79,0.009999999999990905,-0.10825688073394475,1.0,False
80,0.0,-0.12500000000000006,1.0,False
81,0.009999999999990905,-0.10398230088495597,1.0,False
82,0.009999999999990905,-0.11071428571428556,1.0,False
83,0.0,-0.12500000000000006,1.0,False
84,0.009999999999990905,-0.12307692307692314,1.0,False
85,0.0,-0.11578947368421046,1.0,False
86,0.01999999999998181,-0.10329670329670372,1.0,False
87,0.01999999999998181,-0.10456852791878177,1.0,False
88,0.009999999999990905,-0.10514285714285701,1.0,False
89,0.009999999999990905,-0.11428571428571419,1.0,False
90,0.009999999999990905,-0.1055555555555553,1.0,False
91,0.0,-0.11451612903225797,1.0,False
92,0.009999999999990905,-0.11022727272727256,1.0,False
93,0.020000000000209184,-0.10346153846153884,1.0,False
94,0.0,-0.12195121951219516,1.0,False
95,0.0,-0.12647058823529417,1.0,False
96,0.0,-0.109782608695652,1.0,False
97,0.009999999999990905,-0.08999999999999979,1.5,False
98,0.009999999999990905,-0.10775862068965496,1.5,False
99,0.009999999999990905,-0.11022727272727256,1.5,False
100,0.0,-0.10841121495327083,1.5,False
101,0.01999999999998181,-0.10552147239263779,1.5,False
102,0.0,-0.11956521739130435,1.5,False
103,0.01999999999998181,-0.10319148936170258,1.5,False
104,0.009999999999990905,-0.13750000000000004,1.5,False
105,0.0,-0.13333333333333336,1.5,False
106,0.01999999999998181,-0.10386266094420626,1.5,False
107,0.009999999999990905,-0.10676691729323284,1.5,False
108,0.0,-0.12727272727272732,1.5,False
109,0.009999999999990905,-0.11058823529411749,1.5,False
110,0.0,-0.11475409836065566,1.5,False
111,0.009999999999990905,-0.10927835051546374,1.5,False
112,0.029999999999972715,-0.10252100840336201,1.5,False
113,0.0,-0.10714285714285691,1.5,False
114,0.01999999999998181,-0.10459183673469391,1.5,False
115,0.01999999999998181,-0.10352941176470624,1.5,False
116,0.0,-0.11168831168831155,1.5,False
117,0.03000000000020009,-0.10213270142180172,1.5,False
118,0.009999999999990905,-0.11384615384615374,1.5,False
119,0.01999999999998181,-0.10381355932203416,1.5,False
120,0.0,-0.11022727272727256,1.5,False
121,0.009999999999990905,-0.11323529411764695,1.5,False
122,0.01999999999998181,-0.10290322580645216,1.5,False
123,0.03999999999996362,-0.10000000000000088,1.5,False
124,0.029999999999972715,-0.10278637770897892,1.5,False
125,0.029999999999972715,-0.10210280373831854,1.5,False
126,0.03999999999996362,-0.10000000000000088,1.5,False
127,0.009999999999990905,-0.10825688073394475,1.5,False
128,0.009999999999990905,-0.10459183673469391,1.5,False
129,0.040000000000190994,-0.10000000000000088,1.5,False
130,0.029999999999972715,-0.10000000000000088,1.5,False
131,0.01999999999998181,-0.10387931034482784,1.5,False
132,0.03999999999996362,-0.10000000000000088,1.5,False
133,0.009999999999990905,-0.10459183673469391,1.5,False
134,0.03999999999996362,-0.10000000000000088,1.5,False
135,0.01999999999998181,-0.10240641711230015,1.5,False
136,0.0,-0.12195121951219516,1.5,False
137,0.03999999999996362,-0.10000000000000088,1.5,False
138,0.040000000000190994,-0.10000000000000088,1.5,False
139,0.029999999999972715,-0.10000000000000088,1.5,False
140,0.03999999999996362,-0.10000000000000088,1.5,False
141,0.03999999999996362,-0.10000000000000088,1.5,False
142,0.01999999999998181,-0.1037190082644631,1.5,False
143,0.009999999999990905,-0.10576923076923052,1.5,False
144,0.0,-0.11168831168831155,1.5,False
145,0.03999999999996362,-0.10000000000000088,1.5,False
146,0.03999999999996362,-0.10000000000000088,1.5,False
147,0.009999999999990905,-0.10422535211267621,1.5,False
148,0.020000000000209184,-0.10330882352941219,1.5,False
149,0.03999999999996362,-0.10000000000000088,1.5,False
150,0.009999999999990905,-0.109782608695652,1.5,False
151,0.03999999999996362,-0.10000000000000088,1.5,False
152,0.029999999999972715,-0.10179640718562963,1.5,False
153,0.03999999999996362,-0.10000000000000088,1.5,False
154,0.03999999999996362,-0.10000000000000088,1.5,False
155,0.029999999999972715,-0.10000000000000088,1.5,False
156,0.009999999999990905,-0.11034482758620673,1.5,False
157,0.040000000000190994,-0.10000000000000088,1.5,False
158,0.03999999999996362,-0.10000000000000088,1.5,False
159,0.03999999999996362,-0.10000000000000088,1.5,False
160,0.01999999999998181,-0.10281250000000057,1.5,False
161,0.03999999999996362,-0.10000000000000088,1.5,False
162,0.029999999999972715,-0.1023195876288667,1.5,False
163,0.029999999999972715,-0.10000000000000088,1.5,False
164,0.040000000000190994,-0.10000000000000088,1.5,False
165,0.029999999999972715,-0.10201342281879276,1.5,False
166,0.03999999999996362,-0.10000000000000088,1.5,False
167,0.029999999999972715,-0.10000000000000088,1.5,False
168,0.03999999999996362,-0.10000000000000088,1.5,False
169,0.029999999999972715,-0.10214797136038263,1.5,False
170,0.03999999999996362,-0.10000000000000088,1.5,False
171,0.040000000000190994,-0.10000000000000088,1.5,False
172,0.009999999999990905,-0.1055555555555553,1.5,False
173,0.03999999999996362,-0.10000000000000088,1.5,False
174,0.03999999999996362,-0.10000000000000088,1.5,False
175,0.029999999999972715,-0.10000000000000088,1.5,False
176,0.03999999999996362,-0.10000000000000088,1.5,False
177,0.03999999999996362,-0.10000000000000088,1.5,False
178,0.040000000000190994,-0.10000000000000088,1.5,False
179,0.009999999999990905,-0.10365853658536617,1.5,False
180,0.03999999999996362,-0.10000000000000088,1.5,False
181,0.03999999999996362,-0.10000000000000088,1.5,False
182,0.029999999999972715,-0.10000000000000088,1.5,False
183,0.03999999999996362,-0.10000000000000088,1.5,False
184,0.029999999999972715,-0.10000000000000088,1.5,False
185,0.03999999999996362,-0.10000000000000088,1.5,False
186,0.040000000000190994,-0.10000000000000088,1.5,False
187,0.029999999999972715,-0.10000000000000088,1.5,False
188,0.03999999999996362,-0.10000000000000088,1.5,False
189,0.03999999999996362,-0.10000000000000088,1.5,False
190,0.029999999999972715,-0.10000000000000088,1.5,False
191,0.03999999999996362,-0.10000000000000088,1.5,False
192,0.040000000000190994,-0.10000000000000088,1.5,False
193,0.029999999999972715,-0.10187891440501129,1.5,False
194,0.03999999999996362,-0.10000000000000088,1.5,False
195,0.029999999999972715,-0.10000000000000088,1.5,False
196,0.03999999999996362,-0.10000000000000088,1.5,False
197,0.03999999999996362,-0.10000000000000088,1.5,False
198,0.03999999999996362,-0.10000000000000088,1.5,False
199,0.03000000000020009,-0.10000000000000088,1.5,False
200,0.03999999999996362,-0.10000000000000088,1.5,False
201,0.03999999999996362,-0.10000000000000088,1.5,False
202,0.029999999999972715,-0.10000000000000088,1.5,False
203,0.03999999999996362,-0.10000000000000088,1.5,False
204,0.049999999999954525,-0.10000000000000088,1.5,False
205,0.029999999999972715,-0.10000000000000088,1.5,False
206,0.040000000000190994,-0.10000000000000088,1.5,False
207,0.03999999999996362,-0.10000000000000088,1.5,False
208,0.029999999999972715,-0.10000000000000088,1.5,False
209,0.03999999999996362,-0.10000000000000088,1.5,False
210,0.03999999999996362,-0.10000000000000088,1.5,False
211,0.03999999999996362,-0.10000000000000088,1.5,False
212,0.029999999999972715,-0.10000000000000088,1.5,False
213,0.040000000000190994,-0.10000000000000088,1.5,False
214,0.03999999999996362,-0.10000000000000088,1.5,False
215,0.029999999999972715,-0.10000000000000088,1.5,False
216,0.03999999999996362,-0.10000000000000088,1.5,False
217,0.03999999999996362,-0.10000000000000088,1.5,False
218,0.029999999999972715,-0.10000000000000088,1.5,False
219,0.040000000000190994,-0.10000000000000088,1.5,False
220,0.029999999999972715,-0.10000000000000088,1.5,False
221,0.03999999999996362,-0.10000000000000088,1.5,False
222,0.03999999999996362,-0.10000000000000088,1.5,False
223,0.029999999999972715,-0.10000000000000088,1.5,False
224,0.03999999999996362,-0.10000000000000088,1.5,False
225,0.03999999999996362,-0.10000000000000088,1.5,False
226,0.03000000000020009,-0.10000000000000088,1.5,False
227,0.03999999999996362,-0.10000000000000088,1.5,False
228,0.009999999999990905,-0.10559006211180098,1.5,False
229,0.03999999999996362,-0.10000000000000088,1.5,False
230,0.029999999999972715,-0.10000000000000088,1.5,False
231,0.03999999999996362,-0.10000000000000088,1.5,False
232,0.03999999999996362,-0.10000000000000088,1.5,False
233,0.03999999999996362,-0.10000000000000088,1.5,False
234,0.040000000000190994,-0.10000000000000088,1.5,False
235,0.029999999999972715,-0.10000000000000088,1.5,False
236,0.03999999999996362,-0.10000000000000088,1.5,False
237,0.03999999999996362,-0.10000000000000088,1.5,False
238,0.029999999999972715,-0.10000000000000088,1.5,False
239,0.03999999999996362,-0.10000000000000088,1.5,False
240,0.040000000000190994,-0.10000000000000088,1.5,False
241,0.03999999999996362,-0.10000000000000088,1.5,False
242,0.029999999999972715,-0.10000000000000088,1.5,False
243,0.03999999999996362,-0.10000000000000088,1.5,False
244,0.029999999999972715,-0.10000000000000088,1.5,False
245,0.03999999999996362,-0.10000000000000088,1.5,False
246,0.03999999999996362,-0.10000000000000088,1.5,False
247,0.03000000000020009,-0.10000000000000088,1.5,False
248,0.03999999999996362,-0.10000000000000088,1.5,False
249,0.03999999999996362,-0.10000000000000088,1.5,False
250,0.03999999999996362,-0.10000000000000088,1.5,False
251,0.029999999999972715,-0.10000000000000088,1.5,False
252,0.03999999999996362,-0.10000000000000088,1.5,False
253,0.03999999999996362,-0.10000000000000088,1.5,False
254,0.03000000000020009,-0.10000000000000088,1.5,False
255,0.03999999999996362,-0.10000000000000088,1.5,False
256,0.029999999999972715,-0.10000000000000088,1.5,False
257,0.03999999999996362,-0.10000000000000088,1.5,False
258,0.03999999999996362,-0.10000000000000088,1.5,False
259,0.03999999999996362,-0.10000000000000088,1.5,False
260,0.03999999999996362,-0.10000000000000088,1.5,False
261,0.03000000000020009,-0.10000000000000088,1.5,False
262,0.03999999999996362,-0.10000000000000088,1.5,False
263,0.03999999999996362,-0.10000000000000088,1.5,False
264,0.029999999999972715,-0.10000000000000088,1.5,False
265,0.03999999999996362,-0.10000000000000088,1.5,False
266,0.03999999999996362,-0.10000000000000088,1.5,False
267,0.029999999999972715,-0.10000000000000088,1.5,False
268,0.040000000000190994,-0.10000000000000088,1.5,False
269,0.029999999999972715,-0.10000000000000088,1.5,False
270,0.03999999999996362,-0.10000000000000088,1.5,False
271,0.03999999999996362,-0.10000000000000088,1.5,False
272,0.029999999999972715,-0.10000000000000088,1.5,False
273,0.03999999999996362,-0.10000000000000088,1.5,False
274,0.040000000000190994,-0.10000000000000088,1.5,False
275,0.029999999999972715,-0.10000000000000088,1.5,False
276,0.03999999999996362,-0.10000000000000088,1.5,False
277,0.03999999999996362,-0.10000000000000088,1.5,False
278,0.029999999999972715,-0.10000000000000088,1.5,False
279,0.03999999999996362,-0.10000000000000088,1.5,False
280,0.03999999999996362,-0.10000000000000088,1.5,False
281,0.040000000000190994,-0.10000000000000088,1.5,False
282,0.03999999999996362,-0.10000000000000088,1.5,False
283,0.029999999999972715,-0.10000000000000088,1.5,False
284,0.03999999999996362,-0.10000000000000088,1.5,False
285,0.029999999999972715,-0.10000000000000088,1.5,False
286,0.03999999999996362,-0.10000000000000088,1.5,False
287,0.03999999999996362,-0.10000000000000088,1.5,False
288,0.040000000000190994,-0.10000000000000088,1.5,False
289,0.029999999999972715,-0.10000000000000088,1.5,False
290,0.03999999999996362,-0.10000000000000088,1.5,False
291,0.03999999999996362,-0.10000000000000088,1.5,False
292,0.029999999999972715,-0.10000000000000088,1.5,False
293,0.03999999999996362,-0.10000000000000088,1.5,False
294,0.03999999999996362,-0.10000000000000088,1.5,False
295,0.03000000000020009,-0.10000000000000088,1.5,False
296,0.03999999999996362,-0.10000000000000088,1.5,False
297,0.03999999999996362,-0.10000000000000088,1.5,False
298,0.029999999999972715,-0.10000000000000088,1.5,False
299,0.049999999999954525,-0.10000000000000088,1.5,False
300,0.029999999999972715,-0.10000000000000088,1.5,False
301,0.040000000000190994,-0.10000000000000088,1.5,False
302,0.029999999999972715,-0.10000000000000088,1.5,False
303,0.03999999999996362,-0.10000000000000088,1.5,False
304,0.03999999999996362,-0.10000000000000088,1.5,False
305,0.029999999999972715,-0.10000000000000088,1.5,False
306,0.03999999999996362,-0.10000000000000088,1.5,False
307,0.03999999999996362,-0.10000000000000088,1.5,False
308,0.03000000000020009,-0.10000000000000088,1.5,False
309,0.03999999999996362,-0.10000000000000088,1.5,False
310,0.029999999999972715,-0.10000000000000088,1.5,False
311,0.03999999999996362,-0.10000000000000088,1.5,False
312,0.03999999999996362,-0.10000000000000088,1.5,False
313,0.03999999999996362,-0.10000000000000088,1.5,False
314,0.029999999999972715,-0.10000000000000088,1.5,False
315,0.040000000000190994,-0.10000000000000088,1.5,False
316,0.03999999999996362,-0.10000000000000088,1.5,False
317,0.029999999999972715,-0.10000000000000088,1.5,False
318,0.03999999999996362,-0.10000000000000088,1.5,False
319,0.03999999999996362,-0.10000000000000088,1.5,False
320,0.029999999999972715,-0.10000000000000088,1.5,False
321,0.03999999999996362,-0.10000000000000088,1.5,False
322,0.040000000000190994,-0.10000000000000088,1.5,False
323,0.029999999999972715,-0.10000000000000088,1.5,False
324,0.03999999999996362,-0.10000000000000088,1.5,False
325,0.03999999999996362,-0.10000000000000088,1.5,False
326,0.03999999999996362,-0.10000000000000088,1.5,False
327,0.03999999999996362,-0.10000000000000088,1.5,False
328,0.029999999999972715,-0.10000000000000088,1.5,False
329,0.029999999999972715,-0.10000000000000088,1.5,False
330,0.03999999999996362,-0.10000000000000088,1.5,False
331,0.03999999999996362,-0.10000000000000088,1.5,False
332,0.029999999999972715,-0.10000000000000088,1.5,False
333,0.03999999999996362,-0.10000000000000088,1.5,False
334,0.03999999999996362,-0.10000000000000088,1.5,False
335,0.03000000000020009,-0.10000000000000088,1.5,False
336,0.03999999999996362,-0.10000000000000088,1.5,False
337,0.03999999999996362,-0.10000000000000088,1.5,False
338,0.029999999999972715,-0.10000000000000088,1.5,False
339,0.03999999999996362,-0.10000000000000088,1.5,False
340,0.03999999999996362,-0.10000000000000088,1.5,False
341,0.029999999999972715,-0.10000000000000088,1.5,False
342,0.040000000000190994,-0.10000000000000088,1.5,False
343,0.03999999999996362,-0.10000000000000088,1.5,False
344,0.029999999999972715,-0.10000000000000088,1.5,False
345,0.03999999999996362,-0.10000000000000088,1.5,False
346,0.03999999999996362,-0.10000000000000088,1.5,False
347,0.029999999999972715,-0.10000000000000088,1.5,False
348,0.03999999999996362,-0.10000000000000088,1.5,False
349,0.040000000000190994,-0.10000000000000088,1.5,False
350,0.029999999999972715,-0.10000000000000088,1.5,False
351,0.029999999999972715,-0.10000000000000088,1.5,False
352,0.03999999999996362,-0.10000000000000088,1.5,False
353,0.03999999999996362,-0.10000000000000088,1.5,False
354,0.049999999999954525,-0.10000000000000088,1.5,False
355,0.07000000000016371,-0.10000000000000088,1.5,False
356,0.05999999999994543,-0.10000000000000088,1.5,False
357,0.03999999999996362,-0.10000000000000088,1.5,False
358,0.029999999999972715,-0.10000000000000088,1.5,False
359,0.03999999999996362,-0.10000000000000088,1.5,False
360,0.040000000000190994,-0.10000000000000088,1.5,False
361,0.029999999999972715,-0.10000000000000088,1.5,False
362,0.029999999999972715,-0.10000000000000088,1.5,False
363,0.03999999999996362,-0.10000000000000088,1.5,False
364,0.05999999999994543,-0.10000000000000088,1.5,False
365,0.06999999999993634,-0.10000000000000088,1.5,False
366,0.060000000000172804,-0.10000000000000088,1.5,False
367,0.029999999999972715,-0.10000000000000088,1.5,False
368,0.03999999999996362,-0.10000000000000088,1.5,False
369,0.03999999999996362,-0.10000000000000088,1.5,False
370,0.029999999999972715,-0.10000000000000088,1.5,False
371,0.03999999999996362,-0.10000000000000088,1.5,False
372,0.040000000000190994,-0.10000000000000088,1.5,False
373,0.029999999999972715,-0.10000000000000088,1.5,False
374,0.03999999999996362,-0.10000000000000088,1.5,False
375,0.029999999999972715,-0.10000000000000088,1.5,False
376,0.03999999999996362,-0.10000000000000088,1.5,False
377,0.03999999999996362,-0.10000000000000088,1.5,False
378,0.03999999999996362,-0.10000000000000088,1.5,False
379,0.03000000000020009,-0.10000000000000088,1.5,False
380,0.03999999999996362,-0.10000000000000088,1.5,False
381,0.03999999999996362,-0.10000000000000088,1.5,False
382,0.029999999999972715,-0.10000000000000088,1.5,False
383,0.03999999999996362,-0.10000000000000088,1.5,False
384,0.03999999999996362,-0.10000000000000088,1.5,False
385,0.029999999999972715,-0.10000000000000088,1.5,False
386,0.040000000000190994,-0.10000000000000088,1.5,False
387,0.03999999999996362,-0.10000000000000088,1.5,False
388,0.029999999999972715,-0.10000000000000088,1.5,False
389,0.03999999999996362,-0.10000000000000088,1.5,False
390,0.029999999999972715,-0.10000000000000088,1.5,False
391,0.03999999999996362,-0.10000000000000088,1.5,False
392,0.040000000000190994,-0.10000000000000088,1.5,False
393,0.029999999999972715,-0.10000000000000088,1.5,False
394,0.03999999999996362,-0.10000000000000088,1.5,False
395,0.03999999999996362,-0.10000000000000088,1.5,False
396,0.029999999999972715,-0.10000000000000088,1.5,False
397,0.03999999999996362,-0.10000000000000088,1.5,False
398,0.03999999999996362,-0.10000000000000088,1.5,False
399,0.040000000000190994,-0.10000000000000088,1.5,False
400,0.03999999999996362,-0.10000000000000088,1.5,False
401,0.029999999999972715,-0.10000000000000088,1.5,False
402,0.03999999999996362,-0.10000000000000088,1.5,False
403,0.03999999999996362,-0.10000000000000088,1.5,False
404,0.03999999999996362,-0.10000000000000088,1.5,False
405,0.029999999999972715,-0.10000000000000088,1.5,False
406,0.040000000000190994,-0.10000000000000088,1.5,False
407,0.03999999999996362,-0.10000000000000088,1.5,False
408,0.029999999999972715,-0.10000000000000088,1.5,False
409,0.03999999999996362,-0.10000000000000088,1.5,False
410,0.03999999999996362,-0.10000000000000088,1.5,False
411,0.029999999999972715,-0.10000000000000088,1.5,False
412,0.03999999999996362,-0.10000000000000088,1.5,False
413,0.040000000000190994,-0.10000000000000088,1.5,False
414,0.029999999999972715,-0.10000000000000088,1.5,False
415,0.03999999999996362,-0.10000000000000088,1.5,False
416,0.029999999999972715,-0.10000000000000088,1.5,False
417,0.03999999999996362,-0.10000000000000088,1.5,False
418,0.03999999999996362,-0.10000000000000088,1.5,False
419,0.029999999999972715,-0.10000000000000088,1.5,False
420,0.029999999999972715,-0.10000000000000088,1.5,False
421,0.03999999999996362,-0.10000000000000088,1.5,False
422,0.03999999999996362,-0.10000000000000088,1.5,False
423,0.029999999999972715,-0.10000000000000088,1.5,False
424,0.03999999999996362,-0.10000000000000088,1.5,False
425,0.03999999999996362,-0.10000000000000088,1.5,False
426,0.040000000000190994,-0.10000000000000088,1.5,False
427,0.03999999999996362,-0.10000000000000088,1.5,False
428,0.029999999999972715,-0.10000000000000088,1.5,False
429,0.03999999999996362,-0.10000000000000088,1.5,False
430,0.03999999999996362,-0.10000000000000088,1.5,False
431,0.029999999999972715,-0.10000000000000088,1.5,False
432,0.03999999999996362,-0.10000000000000088,1.5,False
433,0.03000000000020009,-0.10000000000000088,1.5,False
434,0.03999999999996362,-0.10000000000000088,1.5,False
435,0.03999999999996362,-0.10000000000000088,1.5,False
436,0.03999999999996362,-0.10000000000000088,1.5,False
437,0.029999999999972715,-0.10000000000000088,1.5,False
438,0.03999999999996362,-0.10000000000000088,1.5,False
439,0.029999999999972715,-0.10000000000000088,1.5,False
440,0.040000000000190994,-0.10000000000000088,1.5,False
441,0.03999999999996362,-0.10000000000000088,1.5,False
442,0.029999999999972715,-0.10000000000000088,1.5,False
443,0.03999999999996362,-0.10000000000000088,1.5,False
444,0.03999999999996362,-0.10000000000000088,1.5,False
445,0.029999999999972715,-0.10000000000000088,1.5,False
446,0.03999999999996362,-0.10000000000000088,1.5,False
447,0.040000000000190994,-0.10000000000000088,1.5,False
448,0.03999999999996362,-0.10000000000000088,1.5,False
449,0.029999999999972715,-0.10000000000000088,1.5,False
450,0.03999999999996362,-0.10000000000000088,1.5,False
451,0.029999999999972715,-0.10000000000000088,1.5,False
452,0.03999999999996362,-0.10000000000000088,1.5,False
453,0.040000000000190994,-0.10000000000000088,1.5,False
454,0.029999999999972715,-0.10000000000000088,1.5,False
455,0.03999999999996362,-0.10000000000000088,1.5,False
456,0.03999999999996362,-0.10000000000000088,1.5,False
457,0.03999999999996362,-0.10000000000000088,1.5,False
458,0.03999999999996362,-0.10000000000000088,1.5,False
459,0.029999999999972715,-0.10000000000000088,1.5,False
460,0.040000000000190994,-0.10000000000000088,1.5,False
461,0.03999999999996362,-0.10000000000000088,1.5,False
462,0.029999999999972715,-0.10000000000000088,1.5,False
463,0.03999999999996362,-0.10000000000000088,1.5,False
464,0.03999999999996362,-0.10000000000000088,1.5,False
465,0.029999999999972715,-0.10000000000000088,1.5,False
466,0.03999999999996362,-0.10000000000000088,1.5,False
467,0.040000000000190994,-0.10000000000000088,1.5,False
468,0.029999999999972715,-0.10000000000000088,1.5,False
469,0.03999999999996362,-0.10000000000000088,1.5,False
470,0.03999999999996362,-0.10000000000000088,1.5,False
471,0.029999999999972715,-0.10000000000000088,1.5,False
472,0.029999999999972715,-0.10000000000000088,1.5,False
473,0.03999999999996362,-0.10000000000000088,1.5,False
474,0.040000000000190994,-0.10000000000000088,1.5,False
475,0.029999999999972715,-0.10000000000000088,1.5,False
476,0.03999999999996362,-0.10000000000000088,1.5,False
477,0.029999999999972715,-0.10000000000000088,1.5,False
478,0.049999999999954525,-0.10000000000000088,1.5,False
479,0.029999999999972715,-0.10000000000000088,1.5,False
480,0.040000000000190994,-0.10000000000000088,1.5,False
481,0.03999999999996362,-0.10000000000000088,1.5,False
482,0.029999999999972715,-0.10000000000000088,1.5,False
483,0.03999999999996362,-0.10000000000000088,1.5,False
484,0.03999999999996362,-0.10000000000000088,1.5,False
485,0.029999999999972715,-0.10000000000000088,1.5,False
486,0.029999999999972715,-0.10000000000000088,1.5,False
487,0.03000000000020009,-0.10000000000000088,1.5,False
488,0.029999999999972715,-0.10000000000000088,1.5,False
489,0.03999999999996362,-0.10000000000000088,1.5,False
490,0.03999999999996362,-0.10000000000000088,1.5,False
491,0.029999999999972715,-0.10000000000000088,1.5,False
492,0.03999999999996362,-0.10000000000000088,1.5,False
493,0.03999999999996362,-0.10000000000000088,1.5,False
494,0.03000000000020009,-0.10000000000000088,1.5,False
495,0.03999999999996362,-0.10000000000000088,1.5,False
496,0.03999999999996362,-0.10000000000000088,1.5,False
497,0.029999999999972715,-0.10000000000000088,1.5,False
498,0.03999999999996362,-0.10000000000000088,1.5,False
499,0.03999999999996362,-0.10000000000000088,1.5,False
500,0.03999999999996362,-0.10000000000000088,1.5,False
501,0.03000000000020009,-0.10000000000000088,1.5,False
502,0.03999999999996362,-0.10000000000000088,1.5,False
503,0.03999999999996362,-0.10000000000000088,1.5,False
504,0.03999999999996362,-0.10000000000000088,1.5,False
505,0.029999999999972715,-0.10000000000000088,1.5,False
506,0.03999999999996362,-0.10000000000000088,1.5,False
507,0.040000000000190994,-0.10000000000000088,1.5,False
508,0.03999999999996362,-0.10000000000000088,1.5,False
509,0.029999999999972715,-0.10000000000000088,1.5,False
510,0.03999999999996362,-0.10000000000000088,1.5,False
511,0.03999999999996362,-0.10000000000000088,1.5,False
512,0.029999999999972715,-0.10000000000000088,1.5,False
513,0.03999999999996362,-0.10000000000000088,1.5,False
514,0.040000000000190994,-0.10000000000000088,1.5,False
515,0.029999999999972715,-0.10000000000000088,1.5,False
516,0.03999999999996362,-0.10000000000000088,1.5,False
517,0.03999999999996362,-0.10000000000000088,1.5,False
518,0.029999999999972715,-0.10000000000000088,1.5,False
519,0.03999999999996362,-0.10000000000000088,1.5,False
520,0.03999999999996362,-0.10000000000000088,1.5,False
521,0.03000000000020009,-0.10000000000000088,1.5,False
522,0.03999999999996362,-0.10000000000000088,1.5,False
523,0.03999999999996362,-0.10000000000000088,1.5,False
524,0.029999999999972715,-0.10000000000000088,1.5,False
525,0.03999999999996362,-0.10000000000000088,1.5,False
526,0.03999999999996362,-0.10000000000000088,1.5,False
527,0.03999999999996362,-0.10000000000000088,1.5,False
528,0.03000000000020009,-0.10000000000000088,1.5,False
529,0.03999999999996362,-0.10000000000000088,1.5,False
530,0.029999999999972715,-0.10000000000000088,1.5,False
531,0.03999999999996362,-0.10000000000000088,1.5,False
532,0.03999999999996362,-0.10000000000000088,1.5,False
533,0.029999999999972715,-0.10000000000000088,1.5,False
534,0.03999999999996362,-0.10000000000000088,1.5,False
535,0.040000000000190994,-0.10000000000000088,1.5,False
536,0.029999999999972715,-0.10000000000000088,1.5,False
537,0.03999999999996362,-0.10000000000000088,1.5,False
538,0.03999999999996362,-0.10000000000000088,1.5,False
539,0.03999999999996362,-0.10000000000000088,1.5,False
540,0.03999999999996362,-0.10000000000000088,1.5,False
541,0.040000000000190994,-0.10000000000000088,1.5,False
542,0.029999999999972715,-0.10000000000000088,1.5,False
543,0.03999999999996362,-0.10000000000000088,1.5,False
544,0.029999999999972715,-0.10000000000000088,1.5,False
545,0.03999999999996362,-0.10000000000000088,1.5,False
546,0.03999999999996362,-0.10000000000000088,1.5,False
547,0.029999999999972715,-0.10000000000000088,1.5,False
548,0.040000000000190994,-0.10000000000000088,1.5,False
549,0.03999999999996362,-0.10000000000000088,1.5,False
550,0.029999999999972715,-0.10000000000000088,1.5,False
551,0.03999999999996362,-0.10000000000000088,1.5,False
552,0.029999999999972715,-0.10000000000000088,1.5,False
553,0.029999999999972715,-0.10000000000000088,1.5,False
554,0.049999999999954525,-0.10000000000000088,1.5,False
555,0.03000000000020009,-0.10000000000000088,1.5,False
556,0.03999999999996362,-0.10000000000000088,1.5,False
557,0.03999999999996362,-0.10000000000000088,1.5,False
558,0.029999999999972715,-0.10000000000000088,1.5,False
559,0.03999999999996362,-0.10000000000000088,1.5,False
560,0.03999999999996362,-0.10000000000000088,1.5,False
561,0.029999999999972715,-0.10000000000000088,1.5,False
562,0.040000000000190994,-0.10000000000000088,1.5,False
563,0.03999999999996362,-0.10000000000000088,1.5,False
564,0.029999999999972715,-0.10000000000000088,1.5,False
565,0.029999999999972715,-0.10000000000000088,1.5,False
566,0.03999999999996362,-0.10000000000000088,1.5,False
567,0.03999999999996362,-0.10000000000000088,1.5,False
568,0.03000000000020009,-0.10000000000000088,1.5,False
569,0.03999999999996362,-0.10000000000000088,1.5,False
570,0.03999999999996362,-0.10000000000000088,1.5,False
571,0.029999999999972715,-0.10000000000000088,1.5,False
572,0.03999999999996362,-0.10000000000000088,1.5,False
573,0.029999999999972715,-0.10000000000000088,1.5,False
574,0.03999999999996362,-0.10000000000000088,1.5,False
575,0.040000000000190994,-0.10000000000000088,1.5,False
576,0.029999999999972715,-0.10000000000000088,1.5,False
577,0.029999999999972715,-0.10000000000000088,1.5,False
578,0.03999999999996362,-0.10000000000000088,1.5,False
579,0.029999999999972715,-0.10000000000000088,1.5,False
580,0.03999999999996362,-0.10000000000000088,1.5,False
581,0.029999999999972715,-0.10000000000000088,1.5,False
582,0.040000000000190994,-0.10000000000000088,1.5,False
583,0.03999999999996362,-0.10000000000000088,1.5,False
584,0.029999999999972715,-0.10000000000000088,1.5,False
585,0.03999999999996362,-0.10000000000000088,1.5,False
586,0.03999999999996362,-0.10000000000000088,1.5,False
587,0.029999999999972715,-0.10000000000000088,1.5,False
588,0.029999999999972715,-0.10000000000000088,1.5,False
589,0.040000000000190994,-0.10000000000000088,1.5,False
590,0.03999999999996362,-0.10000000000000088,1.5,False
591,0.029999999999972715,-0.10000000000000088,1.5,False
592,0.03999999999996362,-0.10000000000000088,1.5,False
593,0.03999999999996362,-0.10000000000000088,1.5,False
594,0.03999999999996362,-0.10000000000000088,1.5,False
595,0.03000000000020009,-0.10000000000000088,1.5,False
596,0.03999999999996362,-0.10000000000000088,1.5,False
597,0.03999999999996362,-0.10000000000000088,1.5,False
598,0.029999999999972715,-0.10000000000000088,1.5,False
599,0.03999999999996362,-0.10000000000000088,1.5,False
600,0.03999999999996362,-0.10000000000000088,1.5,False
601,0.029999999999972715,-0.10000000000000088,1.5,False
602,0.040000000000190994,-0.10000000000000088,1.5,False
603,0.03999999999996362,-0.10000000000000088,1.5,False
604,0.03999999999996362,-0.10000000000000088,1.5,False
605,0.029999999999972715,-0.10000000000000088,1.5,False
606,0.03999999999996362,-0.10000000000000088,1.5,False
607,0.03999999999996362,-0.10000000000000088,1.5,False
608,0.029999999999972715,-0.10000000000000088,1.5,False
609,0.040000000000190994,-0.10000000000000088,1.5,False
610,0.03999999999996362,-0.10000000000000088,1.5,False
611,0.03999999999996362,-0.10000000000000088,1.5,False
612,0.03999999999996362,-0.10000000000000088,1.5,False
613,0.029999999999972715,-0.10000000000000088,1.5,False
614,0.03999999999996362,-0.10000000000000088,1.5,False
615,0.040000000000190994,-0.10000000000000088,1.5,False
616,0.029999999999972715,-0.10000000000000088,1.5,False
617,0.03999999999996362,-0.10000000000000088,1.5,False
618,0.029999999999972715,-0.10000000000000088,1.5,False
619,0.049999999999954525,-0.10000000000000088,1.5,False
620,0.029999999999972715,-0.10000000000000088,1.5,False
621,0.03999999999996362,-0.10000000000000088,1.5,False
622,0.040000000000190994,-0.10000000000000088,1.5,False
623,0.029999999999972715,-0.10000000000000088,1.5,False
624,0.03999999999996362,-0.10000000000000088,1.5,False
625,0.029999999999972715,-0.10000000000000088,1.5,False
626,0.03999999999996362,-0.10000000000000088,1.5,False
627,0.03999999999996362,-0.10000000000000088,1.5,False
628,0.029999999999972715,-0.10000000000000088,1.5,False
629,0.040000000000190994,-0.10000000000000088,1.5,False
630,0.03999999999996362,-0.10000000000000088,1.5,False
631,0.03999999999996362,-0.10000000000000088,1.5,False
632,0.03999999999996362,-0.10000000000000088,1.5,False
633,0.03999999999996362,-0.10000000000000088,1.5,False
634,0.029999999999972715,-0.10000000000000088,1.5,False
635,0.03999999999996362,-0.10000000000000088,1.5,False
636,0.040000000000190994,-0.10000000000000088,1.5,False
637,0.029999999999972715,-0.10000000000000088,1.5,False
638,0.03999999999996362,-0.10000000000000088,1.5,False
639,0.03999999999996362,-0.10000000000000088,1.5,False
640,0.029999999999972715,-0.10000000000000088,1.5,False
641,0.03999999999996362,-0.10000000000000088,1.5,False
642,0.040000000000190994,-0.10000000000000088,1.5,False
643,0.029999999999972715,-0.10000000000000088,1.5,False
644,0.049999999999954525,-0.10000000000000088,1.5,False
645,0.029999999999972715,-0.10000000000000088,1.5,False
646,0.029999999999972715,-0.10000000000000088,1.5,False
647,0.03999999999996362,-0.10000000000000088,1.5,False
648,0.03999999999996362,-0.10000000000000088,1.5,False
649,0.040000000000190994,-0.10000000000000088,1.5,False
650,0.03999999999996362,-0.10000000000000088,1.5,False
651,0.03999999999996362,-0.10000000000000088,1.5,False
652,0.029999999999972715,-0.10000000000000088,1.5,False
653,0.03999999999996362,-0.10000000000000088,1.5,False
654,0.029999999999972715,-0.10000000000000088,1.5,False
655,0.03999999999996362,-0.10000000000000088,1.5,False
656,0.040000000000190994,-0.10000000000000088,1.5,False
657,0.029999999999972715,-0.10000000000000088,1.5,False
658,0.03999999999996362,-0.10000000000000088,1.5,False
659,0.03999999999996362,-0.10000000000000088,1.5,False
660,0.03999999999996362,-0.10000000000000088,1.5,False
661,0.029999999999972715,-0.10000000000000088,1.5,False
662,0.0500000000001819,-0.10000000000000088,1.5,False
663,0.029999999999972715,-0.10000000000000088,1.5,False
664,0.03999999999996362,-0.10000000000000088,1.5,False
665,0.03999999999996362,-0.10000000000000088,1.5,False
666,0.029999999999972715,-0.10000000000000088,1.5,False
667,0.03999999999996362,-0.10000000000000088,1.5,False
668,0.03999999999996362,-0.10000000000000088,1.5,False
669,0.03000000000020009,-0.10000000000000088,1.5,False
670,0.03999999999996362,-0.10000000000000088,1.5,False
671,0.03999999999996362,-0.10000000000000088,1.5,False
672,0.029999999999972715,-0.10000000000000088,1.5,False
673,0.03999999999996362,-0.10000000000000088,1.5,False
674,0.03999999999996362,-0.10000000000000088,1.5,False
675,0.029999999999972715,-0.10000000000000088,1.5,False
676,0.03000000000020009,-0.10000000000000088,1.5,False
677,0.03999999999996362,-0.10000000000000088,1.5,False
678,0.029999999999972715,-0.10000000000000088,1.5,False
679,0.029999999999972715,-0.10000000000000088,1.5,False
680,0.03999999999996362,-0.10000000000000088,1.5,False
681,0.03999999999996362,-0.10000000000000088,1.5,False
682,0.029999999999972715,-0.10000000000000088,1.5,False
683,0.040000000000190994,-0.10000000000000088,1.5,False
684,0.03999999999996362,-0.10000000000000088,1.5,False
685,0.029999999999972715,-0.10000000000000088,1.5,False
686,0.03999999999996362,-0.10000000000000088,1.5,False
687,0.029999999999972715,-0.10000000000000088,1.5,False
688,0.03999999999996362,-0.10000000000000088,1.5,False
689,0.03999999999996362,-0.10000000000000088,1.5,False
690,0.03000000000020009,-0.10000000000000088,1.5,False
691,0.03999999999996362,-0.10000000000000088,1.5,False
692,0.03999999999996362,-0.10000000000000088,1.5,False
693,0.03999999999996362,-0.10000000000000088,1.5,False
694,0.03999999999996362,-0.10000000000000088,1.5,False
695,0.029999999999972715,-0.10000000000000088,1.5,False
696,0.040000000000190994,-0.10000000000000088,1.5,False
697,0.03999999999996362,-0.10000000000000088,1.5,False
698,0.029999999999972715,-0.10000000000000088,1.5,False
699,0.03999999999996362,-0.10000000000000088,1.5,False
700,0.029999999999972715,-0.10000000000000088,1.5,False
701,0.03999999999996362,-0.10000000000000088,1.5,False
702,0.029999999999972715,-0.10000000000000088,1.5,False
703,0.0500000000001819,-0.10000000000000088,1.5,False
704,0.029999999999972715,-0.10000000000000088,1.5,False
705,0.03999999999996362,-0.10000000000000088,1.5,False
706,0.03999999999996362,-0.10000000000000088,1.5,False
707,0.029999999999972715,-0.10000000000000088,1.5,False
708,0.03999999999996362,-0.10000000000000088,1.5,False
709,0.029999999999972715,-0.10000000000000088,1.5,False
710,0.040000000000190994,-0.10000000000000088,1.5,False
711,0.03999999999996362,-0.10000000000000088,1.5,False
712,0.03999999999996362,-0.10000000000000088,1.5,False
713,0.03999999999996362,-0.10000000000000088,1.5,False
714,0.029999999999972715,-0.10000000000000088,1.5,False
715,0.03999999999996362,-0.10000000000000088,1.5,False
716,0.03999999999996362,-0.10000000000000088,1.5,False
717,0.03000000000020009,-0.10000000000000088,1.5,False
718,0.03999999999996362,-0.10000000000000088,1.5,False
719,0.029999999999972715,-0.10000000000000088,1.5,False
720,0.03999999999996362,-0.10000000000000088,1.5,False
721,0.029999999999972715,-0.10000000000000088,1.5,False
722,0.03999999999996362,-0.10000000000000088,1.5,False
723,0.03999999999996362,-0.10000000000000088,1.5,False
724,0.040000000000190994,-0.10000000000000088,1.5,False
725,0.03999999999996362,-0.10000000000000088,1.5,False
726,0.029999999999972715,-0.10000000000000088,1.5,False
727,0.03999999999996362,-0.10000000000000088,1.5,False
728,0.029999999999972715,-0.10000000000000088,1.5,False
729,0.03999999999996362,-0.10000000000000088,1.5,False
730,0.040000000000190994,-0.10000000000000088,1.5,False
731,0.03999999999996362,-0.10000000000000088,1.5,False
732,0.03999999999996362,-0.10000000000000088,1.5,False
733,0.029999999999972715,-0.10000000000000088,1.5,False
734,0.03999999999996362,-0.10000000000000088,1.5,False
735,0.03999999999996362,-0.10000000000000088,1.5,False
736,0.029999999999972715,-0.10000000000000088,1.5,False
737,0.040000000000190994,-0.10000000000000088,1.5,False
738,0.03999999999996362,-0.10000000000000088,1.5,False
739,0.029999999999972715,-0.10000000000000088,1.5,False
740,0.03999999999996362,-0.10000000000000088,1.5,False
741,0.029999999999972715,-0.10000000000000088,1.5,False
742,0.03999999999996362,-0.10000000000000088,1.5,False
743,0.03999999999996362,-0.10000000000000088,1.5,False
744,0.040000000000190994,-0.10000000000000088,1.5,False
745,0.029999999999972715,-0.10000000000000088,1.5,False
746,0.03999999999996362,-0.10000000000000088,1.5,False
747,0.03999999999996362,-0.10000000000000088,1.5,False
748,0.029999999999972715,-0.10000000000000088,1.5,False
749,0.03999999999996362,-0.10000000000000088,1.5,False
750,0.03999999999996362,-0.10000000000000088,1.5,False
751,0.03000000000020009,-0.10000000000000088,1.5,False
752,0.03999999999996362,-0.10000000000000088,1.5,False
753,0.03999999999996362,-0.10000000000000088,1.5,False
754,0.029999999999972715,-0.10000000000000088,1.5,False
755,0.03999999999996362,-0.10000000000000088,1.5,False
756,0.03999999999996362,-0.10000000000000088,1.5,False
757,0.029999999999972715,-0.10000000000000088,1.5,False
758,0.029999999999972715,-0.10000000000000088,1.5,False
759,0.03999999999996362,-0.10000000000000088,1.5,False
760,0.03999999999996362,-0.10000000000000088,1.5,False
761,0.029999999999972715,-0.10000000000000088,1.5,False
762,0.03999999999996362,-0.10000000000000088,1.5,False
763,0.03999999999996362,-0.10000000000000088,1.5,False
764,0.03000000000020009,-0.10000000000000088,1.5,False
765,0.03999999999996362,-0.10000000000000088,1.5,False
766,0.03999999999996362,-0.10000000000000088,1.5,False
767,0.03999999999996362,-0.10000000000000088,1.5,False
768,0.029999999999972715,-0.10000000000000088,1.5,False
769,0.03999999999996362,-0.10000000000000088,1.5,False
770,0.03999999999996362,-0.10000000000000088,1.5,False
771,0.03000000000020009,-0.10000000000000088,1.5,False
772,0.03999999999996362,-0.10000000000000088,1.5,False
773,0.03999999999996362,-0.10000000000000088,1.5,False
774,0.03999999999996362,-0.10000000000000088,1.5,False
775,0.03999999999996362,-0.10000000000000088,1.5,False
776,0.029999999999972715,-0.10000000000000088,1.5,False
777,0.03999999999996362,-0.10000000000000088,1.5,False
778,0.03000000000020009,-0.10000000000000088,1.5,False
779,0.03999999999996362,-0.10000000000000088,1.5,False
780,0.03999999999996362,-0.10000000000000088,1.5,False
781,0.029999999999972715,-0.10000000000000088,1.5,False
782,0.03999999999996362,-0.10000000000000088,1.5,False
783,0.03999999999996362,-0.10000000000000088,1.5,False
784,0.029999999999972715,-0.10000000000000088,1.5,False
785,0.040000000000190994,-0.10000000000000088,1.5,False
786,0.03999999999996362,-0.10000000000000088,1.5,False
787,0.029999999999972715,-0.10000000000000088,1.5,False
788,0.03999999999996362,-0.10000000000000088,1.5,False
789,0.03999999999996362,-0.10000000000000088,1.5,False
790,0.029999999999972715,-0.10000000000000088,1.5,False
791,0.040000000000190994,-0.10000000000000088,1.5,False
792,0.029999999999972715,-0.10000000000000088,1.5,False
793,0.03999999999996362,-0.10000000000000088,1.5,False
794,0.03999999999996362,-0.10000000000000088,1.5,False
795,0.029999999999972715,-0.10000000000000088,1.5,False
796,0.03999999999996362,-0.10000000000000088,1.5,False
797,0.03999999999996362,-0.10000000000000088,1.5,False
798,0.040000000000190994,-0.10000000000000088,1.5,False
799,0.029999999999972715,-0.10000000000000088,1.5,False
800,0.03999999999996362,-0.10000000000000088,1.5,False
801,0.03999999999996362,-0.10000000000000088,1.5,False
802,0.029999999999972715,-0.10000000000000088,1.5,False
803,0.03999999999996362,-0.10000000000000088,1.5,False
804,0.03999999999996362,-0.10000000000000088,1.5,False
805,0.03000000000020009,-0.10000000000000088,1.5,False
806,0.03999999999996362,-0.10000000000000088,1.5,False
807,0.03999999999996362,-0.10000000000000088,1.5,False
808,0.029999999999972715,-0.10000000000000088,1.5,False
809,0.03999999999996362,-0.10000000000000088,1.5,False
810,0.03999999999996362,-0.10000000000000088,1.5,False
811,0.03999999999996362,-0.10000000000000088,1.5,False
812,0.040000000000190994,-0.10000000000000088,1.5,False
813,0.029999999999972715,-0.10000000000000088,1.5,False
814,0.03999999999996362,-0.10000000000000088,1.5,False
815,0.029999999999972715,-0.10000000000000088,1.5,False
816,0.03999999999996362,-0.10000000000000088,1.5,False
817,0.03999999999996362,-0.10000000000000088,1.5,False
818,0.040000000000190994,-0.10000000000000088,1.5,False
819,0.03999999999996362,-0.10000000000000088,1.5,False
820,0.029999999999972715,-0.10000000000000088,1.5,False
821,0.03999999999996362,-0.10000000000000088,1.5,False
822,0.03999999999996362,-0.10000000000000088,1.5,False
823,0.029999999999972715,-0.10000000000000088,1.5,False
824,0.03999999999996362,-0.10000000000000088,1.5,False
825,0.03000000000020009,-0.10000000000000088,1.5,False
826,0.03999999999996362,-0.10000000000000088,1.5,False
827,0.03999999999996362,-0.10000000000000088,1.5,False
828,0.03999999999996362,-0.10000000000000088,1.5,False
829,0.029999999999972715,-0.10000000000000088,1.5,False
830,0.03999999999996362,-0.10000000000000088,1.5,False
831,0.03999999999996362,-0.10000000000000088,1.5,False
832,0.03000000000020009,-0.10000000000000088,1.5,False
833,0.03999999999996362,-0.10000000000000088,1.5,False
834,0.03999999999996362,-0.10000000000000088,1.5,False
835,0.029999999999972715,-0.10000000000000088,1.5,False
836,0.03999999999996362,-0.10000000000000088,1.5,False
837,0.029999999999972715,-0.10000000000000088,1.5,False
838,0.03999999999996362,-0.10000000000000088,1.5,False
839,0.040000000000190994,-0.10000000000000088,1.5,False
840,0.03999999999996362,-0.10000000000000088,1.5,False
841,0.03999999999996362,-0.10000000000000088,1.5,False
842,0.029999999999972715,-0.10000000000000088,1.5,False
843,0.03999999999996362,-0.10000000000000088,1.5,False
844,0.03999999999996362,-0.10000000000000088,1.5,False
845,0.029999999999972715,-0.10000000000000088,1.5,False
846,0.040000000000190994,-0.10000000000000088,1.5,False
847,0.03999999999996362,-0.10000000000000088,1.5,False
848,0.029999999999972715,-0.10000000000000088,1.5,False
849,0.03999999999996362,-0.10000000000000088,1.5,False
850,0.03999999999996362,-0.10000000000000088,1.5,False
851,0.03999999999996362,-0.10000000000000088,1.5,False
852,0.03000000000020009,-0.10000000000000088,1.5,False
853,0.03999999999996362,-0.10000000000000088,1.5,False
854,0.03999999999996362,-0.10000000000000088,1.5,False
855,0.029999999999972715,-0.10000000000000088,1.5,False
856,0.03999999999996362,-0.10000000000000088,1.5,False
857,0.029999999999972715,-0.10000000000000088,1.5,False
858,0.03999999999996362,-0.10000000000000088,1.5,False
859,0.040000000000190994,-0.10000000000000088,1.5,False
860,0.029999999999972715,-0.10000000000000088,1.5,False
861,0.03999999999996362,-0.10000000000000088,1.5,False
862,0.03999999999996362,-0.10000000000000088,1.5,False
863,0.029999999999972715,-0.10000000000000088,1.5,False
864,0.029999999999972715,-0.10000000000000088,1.5,False
865,0.029999999999972715,-0.10000000000000088,1.5,False
866,0.040000000000190994,-0.10000000000000088,1.5,False
867,0.03999999999996362,-0.10000000000000088,1.5,False
868,0.029999999999972715,-0.10000000000000088,1.5,False
869,0.03999999999996362,-0.10000000000000088,1.5,False
870,0.03999999999996362,-0.10000000000000088,1.5,False
871,0.029999999999972715,-0.10000000000000088,1.5,False
872,0.03999999999996362,-0.10000000000000088,1.5,False
873,0.040000000000190994,-0.10000000000000088,1.5,False
874,0.029999999999972715,-0.10000000000000088,1.5,False
875,0.03999999999996362,-0.10000000000000088,1.5,False
876,0.029999999999972715,-0.10000000000000088,1.5,False
877,0.03999999999996362,-0.10000000000000088,1.5,False
878,0.029999999999972715,-0.10000000000000088,1.5,False
879,0.0500000000001819,-0.10000000000000088,1.5,False
880,0.029999999999972715,-0.10000000000000088,1.5,False
881,0.03999999999996362,-0.10000000000000088,1.5,False
882,0.03999999999996362,-0.10000000000000088,1.5,False
883,0.029999999999972715,-0.10000000000000088,1.5,False
884,0.03999999999996362,-0.10000000000000088,1.5,False
885,0.029999999999972715,-0.10000000000000088,1.5,False
886,0.040000000000190994,-0.10000000000000088,1.5,False
887,0.029999999999972715,-0.10000000000000088,1.5,False
888,0.03999999999996362,-0.10000000000000088,1.5,False
889,0.03999999999996362,-0.10000000000000088,1.5,False
890,0.029999999999972715,-0.10000000000000088,1.5,False
891,0.029999999999972715,-0.10000000000000088,1.5,False
892,0.029999999999972715,-0.10000000000000088,1.5,False
893,0.040000000000190994,-0.10000000000000088,1.5,False
894,0.03999999999996362,-0.10000000000000088,1.5,False
895,0.029999999999972715,-0.10000000000000088,1.5,False
896,0.03999999999996362,-0.10000000000000088,1.5,False
897,0.03999999999996362,-0.10000000000000088,1.5,False
898,0.029999999999972715,-0.10000000000000088,1.5,False
899,0.03999999999996362,-0.10000000000000088,1.5,False
900,0.040000000000190994,-0.10000000000000088,1.5,False
901,0.03999999999996362,-0.10000000000000088,1.5,False
902,0.029999999999972715,-0.10000000000000088,1.5,False
903,0.03999999999996362,-0.10000000000000088,1.5,False
904,0.03999999999996362,-0.10000000000000088,1.5,False
905,0.03999999999996362,-0.10000000000000088,1.5,False
906,0.03999999999996362,-0.10000000000000088,1.5,False
907,0.040000000000190994,-0.10000000000000088,1.5,False
908,0.029999999999972715,-0.10000000000000088,1.5,False
909,0.03999999999996362,-0.10000000000000088,1.5,False
910,0.03999999999996362,-0.10000000000000088,1.5,False
911,0.029999999999972715,-0.10000000000000088,1.5,False
912,0.03999999999996362,-0.10000000000000088,1.5,False
913,0.040000000000190994,-0.10000000000000088,1.5,False
914,0.029999999999972715,-0.10000000000000088,1.5,False
915,0.03999999999996362,-0.10000000000000088,1.5,False
916,0.029999999999972715,-0.10000000000000088,1.5,False
917,0.03999999999996362,-0.10000000000000088,1.5,False
918,0.03999999999996362,-0.10000000000000088,1.5,False
919,0.029999999999972715,-0.10000000000000088,1.5,False
920,0.040000000000190994,-0.10000000000000088,1.5,False
921,0.03999999999996362,-0.10000000000000088,1.5,False
922,0.03999999999996362,-0.10000000000000088,1.5,False
923,0.029999999999972715,-0.10000000000000088,1.5,False
924,0.03999999999996362,-0.10000000000000088,1.5,False
925,0.03999999999996362,-0.10000000000000088,1.5,False
926,0.029999999999972715,-0.10000000000000088,1.5,False
927,0.03000000000020009,-0.10000000000000088,1.5,False
928,0.03999999999996362,-0.10000000000000088,1.5,False
929,0.029999999999972715,-0.10000000000000088,1.5,False
930,0.029999999999972715,-0.10000000000000088,1.5,False
931,0.03999999999996362,-0.10000000000000088,1.5,False
932,0.03999999999996362,-0.10000000000000088,1.5,False
933,0.029999999999972715,-0.10000000000000088,1.5,False
934,0.040000000000190994,-0.10000000000000088,1.5,False
935,0.03999999999996362,-0.10000000000000088,1.5,False
936,0.029999999999972715,-0.10000000000000088,1.5,False
937,0.03999999999996362,-0.10000000000000088,1.5,False
938,0.03999999999996362,-0.10000000000000088,1.5,False
939,0.03999999999996362,-0.10000000000000088,1.5,False
940,0.029999999999972715,-0.10000000000000088,1.5,False
941,0.03000000000020009,-0.10000000000000088,1.5,False
942,0.029999999999972715,-0.10000000000000088,1.5,False
943,0.03999999999996362,-0.10000000000000088,1.5,False
944,0.03999999999996362,-0.10000000000000088,1.5,False
945,0.029999999999972715,-0.10000000000000088,1.5,False
946,0.03999999999996362,-0.10000000000000088,1.5,False
947,0.040000000000190994,-0.10000000000000088,1.5,False
948,0.029999999999972715,-0.10000000000000088,1.5,False
949,0.03999999999996362,-0.10000000000000088,1.5,False
950,0.029999999999972715,-0.10000000000000088,1.5,False
951,0.029999999999972715,-0.10000000000000088,1.5,False
952,0.03999999999996362,-0.10000000000000088,1.5,False
953,0.03999999999996362,-0.10000000000000088,1.5,False
954,0.03000000000020009,-0.10000000000000088,1.5,False
955,0.03999999999996362,-0.10000000000000088,1.5,False
956,0.03999999999996362,-0.10000000000000088,1.5,False
957,0.029999999999972715,-0.10000000000000088,1.5,False
958,0.03999999999996362,-0.10000000000000088,1.5,False
959,0.029999999999972715,-0.10000000000000088,1.5,False
960,0.049999999999954525,-0.10000000000000088,1.5,False
961,0.040000000000190994,-0.10000000000000088,1.5,False
962,0.029999999999972715,-0.10000000000000088,1.5,False
963,0.03999999999996362,-0.10000000000000088,1.5,False
964,0.03999999999996362,-0.10000000000000088,1.5,False
965,0.029999999999972715,-0.10000000000000088,1.5,False
966,0.03999999999996362,-0.10000000000000088,1.5,False
967,0.03999999999996362,-0.10000000000000088,1.5,False
968,0.03000000000020009,-0.10000000000000088,1.5,False
969,0.03999999999996362,-0.10000000000000088,1.5,False
970,0.03999999999996362,-0.10000000000000088,1.5,False
971,0.029999999999972715,-0.10000000000000088,1.5,False
972,0.03999999999996362,-0.10000000000000088,1.5,False
973,0.03999999999996362,-0.10000000000000088,1.5,False
974,0.029999999999972715,-0.10000000000000088,1.5,False
975,0.040000000000190994,-0.10000000000000088,1.5,False
976,0.029999999999972715,-0.10000000000000088,1.5,False
977,0.03999999999996362,-0.10000000000000088,1.5,False
978,0.03999999999996362,-0.10000000000000088,1.5,False
979,0.029999999999972715,-0.10000000000000088,1.5,False
980,0.03999999999996362,-0.10000000000000088,1.5,False
981,0.040000000000190994,-0.10000000000000088,1.5,False
982,0.029999999999972715,-0.10000000000000088,1.5,False
983,0.03999999999996362,-0.10000000000000088,1.5,False
984,0.03999999999996362,-0.10000000000000088,1.5,False
985,0.029999999999972715,-0.10000000000000088,1.5,False
986,0.03999999999996362,-0.10000000000000088,1.5,False
987,0.049999999999954525,-0.10000000000000088,1.5,False
988,0.03000000000020009,-0.10000000000000088,1.5,False
989,0.03999999999996362,-0.10000000000000088,1.5,False
990,0.03999999999996362,-0.10000000000000088,1.5,False
991,0.029999999999972715,-0.10000000000000088,1.5,False
992,0.03999999999996362,-0.10000000000000088,1.5,False
993,0.03999999999996362,-0.10000000000000088,1.5,False
994,0.029999999999972715,-0.10000000000000088,1.5,False
995,0.040000000000190994,-0.10000000000000088,1.5,False
996,0.029999999999972715,-0.10000000000000088,1.5,False
997,0.03999999999996362,-0.10000000000000088,1.5,False
998,0.03999999999996362,-0.10000000000000088,1.5,False
999,0.029999999999972715,-0.10000000000000088,1.5,False
1000,0.03999999999996362,-0.10000000000000088,1.5,False
