episode,length,time,reward,delta
0,8.0,0.0,-1.7999999999999998,-1.0
1,33.0,0.0,-4.300000000000002,-1.0
2,117.0,0.010000000000218279,-12.699999999999974,-1.0
3,16.0,0.010000000000218279,-2.6000000000000005,-0.91
4,18.0,0.0,-2.8000000000000007,-0.91
5,56.0,0.010000000000218279,-6.599999999999996,-1.0
6,22.0,0.0,-3.2000000000000006,-1.0
7,20.0,0.0,-3.0000000000000004,-1.0
8,37.0,0.010000000000218279,-4.700000000000002,-1.0
9,104.0,0.010000000000218279,-11.399999999999979,-0.90109
10,49.0,0.0,-5.899999999999999,-1.0
11,38.0,0.00999999999839929,-4.8000000000000025,-1.0
12,25.0,0.0,-3.500000000000001,-0.8093071000000001
13,52.0,0.010000000000218279,-6.1999999999999975,-0.81109
14,41.0,0.0,-5.100000000000001,-1.0
15,29.0,0.010000000000218279,-3.9000000000000012,-0.901
16,17.0,0.0,-2.7,-0.8811444692539073
17,38.0,0.010000000000218279,-4.8000000000000025,-1.0
18,16.0,0.0,-2.6000000000000005,-0.9001
19,29.0,0.0,-3.9000000000000012,-1.0
20,17.0,0.010000000000218279,-2.7,-0.08110899999999999
21,56.0,0.0,-6.599999999999996,-1.0
22,34.0,0.010000000000218279,-4.400000000000002,-0.8889082672508678
23,26.0,0.0,-3.600000000000001,-0.08811444692539072
24,44.0,0.010000000000218279,-5.4,-0.08889082672508675
25,167.0,0.010000000000218279,-17.699999999999967,-0.09999999999999998
26,58.0,0.010000000000218279,-6.799999999999995,-0.91
27,102.0,0.00999999999839929,-11.19999999999998,-1.0
28,42.0,0.0,-5.200000000000001,-0.8009060910571663
29,30.0,0.010000000000218279,-4.000000000000002,-0.901
30,16.0,0.0,-2.6000000000000005,-0.89209
31,73.0,0.010000000000218279,-8.29999999999999,-0.91
32,72.0,0.0,-8.19999999999999,-0.8119000000000001
33,75.0,0.0,-8.49999999999999,-0.91
34,17.0,0.0,-2.7,-0.09999999999999998
35,49.0,0.0,-5.899999999999999,-0.8901887580135099
36,72.0,0.0,-8.19999999999999,-0.892171
37,68.0,0.0,-7.799999999999992,-1.0
38,7.0,0.0,-1.7,-0.09009999999999996
39,21.0,0.0,-3.1000000000000005,-0.8929
40,22.0,0.0,-3.2000000000000006,-0.811
41,15.0,0.0,-2.5,-0.89128
42,11.0,0.0,-2.0999999999999996,-0.8808093331399591
43,53.0,0.0,-6.299999999999997,-1.0
44,15.0,0.0,-2.5,-0.8888899046534752
45,28.0,0.0,-3.800000000000001,-1.0
46,65.0,0.010000000000218279,-7.499999999999993,-0.9018999999999999
47,54.0,0.0,-6.399999999999997,-0.09001000000000003
48,69.0,0.0,-7.8999999999999915,-0.91
49,39.0,0.010000000000218279,-4.900000000000002,-0.08109999999999995
50,26.0,0.0,-3.600000000000001,-0.8882004760219
51,58.0,0.010000000000218279,-6.799999999999995,-1.0
52,88.0,0.0,-9.799999999999985,-1.0
53,114.0,0.010000000000218279,-12.399999999999975,-0.09099999999999997
54,59.0,0.0,-6.899999999999995,-0.8889657859
55,25.0,0.010000000000218279,-3.500000000000001,-0.08928999999999998
56,27.0,0.0,-3.700000000000001,-0.808888942858933
57,44.0,0.00999999999839929,-5.4,-0.9002079895731931
58,37.0,0.0,-4.700000000000002,-0.0808888942858933
59,33.0,0.0,-4.300000000000002,-1.0
60,19.0,0.0,-2.9000000000000004,-0.8101017854353908
61,80.0,0.010000000000218279,-8.999999999999988,-0.8809069324785125
62,41.0,0.0,-5.100000000000001,-0.8888018087266523
63,27.0,0.010000000000218279,-3.700000000000001,-0.8010266251074507
64,12.0,0.0,-2.2,-0.08889657859
65,93.0,0.010000000000218279,-10.299999999999983,-0.09999999999999998
66,43.0,0.0,-5.300000000000001,-0.8880880809743508
67,108.0,0.010000000000218279,-11.799999999999978,-0.91
68,25.0,0.010000000000218279,-3.500000000000001,-1.0
69,74.0,0.0,-8.39999999999999,-0.8889046107341876
70,33.0,0.0,-4.300000000000002,-0.9002808099999999
71,116.0,0.010000000000218279,-12.599999999999975,-0.8811948888196277
72,17.0,0.0,-2.7,-0.8888080161430274
73,19.0,0.00999999999839929,-2.9000000000000004,-0.91
74,36.0,0.0,-4.600000000000001,-0.8882314827636876
75,30.0,0.0,-4.000000000000002,-0.010000000000000009
76,17.0,0.0,-2.7,-0.08882314827636872
77,10.0,0.0,-2.0,-0.81019354141
78,47.0,0.010000000000218279,-5.699999999999999,-0.891263152
79,44.0,0.0,-5.4,-0.8088808808127588
80,29.0,0.010000000000218279,-3.9000000000000012,-0.08888080161430267
81,19.0,0.0,-2.9000000000000004,-0.8008089037380108
82,79.0,0.010000000000218279,-8.899999999999988,-0.0808880880812759
83,42.0,0.0,-5.200000000000001,-0.91
84,30.0,0.010000000000218279,-4.000000000000002,-0.91
85,20.0,0.0,-3.0000000000000004,-0.08008089037380106
86,17.0,0.0,-2.7,-0.8081011396862094
87,25.0,0.0,-3.500000000000001,-1.0
88,72.0,0.010000000000218279,-8.19999999999999,-0.91
89,75.0,0.0,-8.49999999999999,-0.891207989573193
90,45.0,0.00999999999839929,-5.5,-0.8903001355561
91,71.0,0.010000000000218279,-8.09999999999999,-1.0
92,68.0,0.0,-7.799999999999992,-1.0
93,47.0,0.010000000000218279,-5.699999999999999,-0.8800901283981439
94,105.0,0.010000000000218279,-11.499999999999979,-1.0
95,25.0,0.0,-3.500000000000001,-0.8008110010335093
96,23.0,0.010000000000218279,-3.3000000000000007,-0.09999999999999998
97,91.0,0.0,-10.099999999999984,-0.09018999999999999
98,36.0,0.0,-4.600000000000001,-0.8088090858633942
99,70.0,0.010000000000218279,-7.999999999999991,-0.889153492929049
100,25.0,0.0,-3.500000000000001,-0.00800808903738015
101,59.0,0.010000000000218279,-6.899999999999995,-0.8100921737849349
102,76.0,0.0,-8.599999999999989,-0.89114149
103,183.0,0.010000000000218279,-19.29999999999999,-1.0
104,56.0,0.0,-6.599999999999996,-0.009019
105,28.0,0.010000000000218279,-3.800000000000001,-0.8808889434010032
106,44.0,0.0,-5.4,-0.000901900000000011
107,53.0,0.010000000000218279,-6.299999999999997,-0.808893263585482
108,50.0,0.0,-5.999999999999998,-0.8911
109,69.0,0.0,-7.8999999999999915,-1.0
110,29.0,0.010000000000218279,-3.9000000000000012,-0.8880808181120186
111,52.0,0.0,-6.1999999999999975,-0.8888914506195207
112,27.0,0.010000000000218279,-3.700000000000001,-1.0
113,36.0,0.0,-4.600000000000001,-0.08912631520000003
114,12.0,0.0,-2.2,-0.8901971688860817
115,112.0,0.00999999999839929,-12.199999999999976,-0.91
116,16.0,0.0,-2.6000000000000005,-0.8008929000256059
117,66.0,0.010000000000218279,-7.5999999999999925,-0.8889280283704222
118,50.0,0.0,-5.999999999999998,-0.0800892900025606
119,73.0,0.0,-8.29999999999999,-0.88910688881539
120,61.0,0.010000000000218279,-7.099999999999994,-0.008088808808127568
121,112.0,0.010000000000218279,-12.199999999999976,-0.8888917131660082
122,92.0,0.010000000000218279,-10.199999999999983,-0.08010266251074505
123,165.0,0.010000000000218279,-17.499999999999964,-0.8088896080636944
124,91.0,0.010000000000218279,-10.099999999999984,-1.0
125,6.0,0.0,-1.6,-0.0008088808808127679
126,57.0,0.0,-6.699999999999996,-0.8889494860854927
127,78.0,0.010000000000218279,-8.799999999999988,-1.0
128,99.0,0.010000000000218279,-10.89999999999998,-1.0
129,54.0,0.0,-6.399999999999997,-0.0888949486085493
130,14.0,0.0,-2.4000000000000004,-8.088808808126569e-05
131,13.0,0.0,-2.3,-0.8888080084611978
132,43.0,0.0,-5.300000000000001,-0.8881000000090965
133,37.0,0.0,-4.700000000000002,-0.8988891808763306
134,107.0,0.010000000000218279,-11.699999999999978,-1.0
135,201.0,0.020000000000436557,-21.100000000000016,-0.8091004696793497
136,130.0,0.00999999999839929,-13.99999999999997,-0.91
137,82.0,0.010000000000218279,-9.199999999999987,-0.91
138,42.0,0.0,-5.200000000000001,-0.8100928081000001
139,93.0,0.010000000000218279,-10.299999999999983,-0.08091004696793491
140,32.0,0.0,-4.200000000000001,-0.8821012249
141,304.0,0.020000000000436557,-31.400000000000162,-0.008008929000256071
142,85.0,0.010000000000218279,-9.499999999999986,-0.90091909823851
143,48.0,0.0,-5.799999999999999,-0.8081009220075445
144,69.0,0.0,-7.8999999999999915,-0.09999999999999998
145,23.0,0.0,-3.3000000000000007,-0.08880808181120181
146,43.0,0.0,-5.300000000000001,-0.08911414900000003
147,55.0,0.00999999999839929,-6.4999999999999964,-0.9018999999999999
148,84.0,0.0,-9.399999999999986,-1.0
149,17.0,0.0,-2.7,-0.888888088833689
150,45.0,0.0,-5.5,-0.8888888800976439
151,49.0,0.010000000000218279,-5.899999999999999,-0.09999999999999998
152,177.0,0.010000000000218279,-18.69999999999998,-0.09999999999999998
153,64.0,0.010000000000218279,-7.399999999999993,-0.008911414900000025
154,28.0,0.0,-3.800000000000001,-0.8808800901298153
155,89.0,0.010000000000218279,-9.899999999999984,-0.008091004696793469
156,141.0,0.010000000000218279,-15.099999999999966,-0.0008091004696793025
157,54.0,0.010000000000218279,-6.399999999999997,-0.888888925503698
158,59.0,0.0,-6.899999999999995,-0.08888880888336892
159,8.0,0.0,-1.7999999999999998,-0.8888880088959354
160,187.0,0.010000000000218279,-19.699999999999996,-0.8888010389498482
161,162.0,0.010000000000218279,-17.19999999999996,-0.08903001355561002
162,99.0,0.010000000000218279,-10.89999999999998,-0.08821012248999993
163,64.0,0.0,-7.399999999999993,-0.09999999999999998
164,98.0,0.0,-10.799999999999981,-0.09999999999999998
165,109.0,0.010000000000218279,-11.899999999999977,-0.08100928081000003
166,97.0,0.010000000000218279,-10.699999999999982,-0.881090061358735
167,105.0,0.00999999999839929,-11.499999999999979,-0.8809101115468018
168,108.0,0.010000000000218279,-11.799999999999978,-0.8009102318494461
169,144.0,0.010000000000218279,-15.399999999999965,-0.8200000000000001
170,98.0,0.0,-10.799999999999981,-1.0
171,125.0,0.010000000000218279,-13.499999999999972,-0.8881364052670223
172,112.0,0.010000000000218279,-12.199999999999976,-1.0
173,84.0,0.0,-9.399999999999986,-0.8882000101937716
174,137.0,0.010000000000218279,-14.699999999999967,-0.08088090858633945
175,52.0,0.0,-6.1999999999999975,-0.008088090858633934
176,26.0,0.00999999999839929,-3.600000000000001,-0.8808889066302188
177,322.0,0.020000000000436557,-33.20000000000019,-0.008903001355560991
178,246.0,0.020000000000436557,-25.60000000000008,-0.0008903001355561324
179,98.0,0.010000000000218279,-10.799999999999981,-0.09099999999999997
180,85.0,0.010000000000218279,-9.499999999999986,-0.889970584406824
181,247.0,0.019999999998617568,-25.70000000000008,-0.8888880823756196
182,201.0,0.020000000000436557,-21.100000000000016,-0.8808888917849481
183,67.0,0.0,-7.699999999999992,-0.8088910688884019
184,500.0,0.030000000000654836,-50.10000000000044,0.0
185,500.0,0.039999999999054126,-50.10000000000044,0.0
186,500.0,0.050000000001091394,-50.10000000000044,0.0
187,335.0,0.019999999998617568,-34.500000000000206,-0.8083790607771695
188,486.0,0.030000000000654836,-49.60000000000042,-1.0
189,182.0,0.020000000000436557,-19.19999999999999,-0.0008088090858633379
190,139.0,0.010000000000218279,-14.899999999999967,-0.8880880888906636
191,60.0,0.00999999999839929,-6.999999999999995,-0.8808088894634416
192,175.0,0.010000000000218279,-18.49999999999998,-0.8107997058440682
193,500.0,0.040000000000873115,-50.10000000000044,0.0
194,500.0,0.039999999999054126,-50.10000000000044,0.0
195,500.0,0.040000000000873115,-50.10000000000044,0.0
196,264.0,0.020000000000436557,-27.400000000000105,-8.091004696797466e-05
197,488.0,0.039999999999054126,-49.80000000000042,-0.8808881991235572
198,98.0,0.010000000000218279,-10.799999999999981,-0.09099999999999997
199,500.0,0.040000000000873115,-50.10000000000044,0.0
200,142.0,0.00999999999839929,-15.199999999999966,-0.08009102318494454
201,500.0,0.030000000000654836,-50.10000000000044,0.0
202,215.0,0.020000000000436557,-22.500000000000036,-0.879984582091539
203,500.0,0.039999999999054126,-50.10000000000044,0.0
204,500.0,0.040000000000873115,-50.10000000000044,0.0
205,64.0,0.010000000000218279,-7.399999999999993,-0.08107997058440686
206,500.0,0.029999999998835847,-50.10000000000044,0.0
207,393.0,0.030000000000654836,-40.30000000000029,-1.0
208,500.0,0.039999999999054126,-50.10000000000044,0.0
209,97.0,0.010000000000218279,-10.699999999999982,-0.8881990546027411
210,414.0,0.030000000000654836,-42.40000000000032,-0.888888888876499
211,500.0,0.039999999999054126,-50.10000000000044,2.2933599463925702e-12
212,500.0,0.040000000000873115,-50.10000000000044,0.0
213,500.0,0.040000000000873115,-50.10000000000044,0.0
214,274.0,0.019999999998617568,-28.40000000000012,-0.8088888808237561
215,372.0,0.030000000000654836,-38.20000000000026,-0.8881942658696803
216,205.0,0.020000000000436557,-21.50000000000002,-0.8888808810350608
217,433.0,0.029999999998835847,-44.300000000000345,-0.91
218,500.0,0.040000000000873115,-50.10000000000044,0.0
219,500.0,0.039999999999054126,-50.10000000000044,0.0
220,500.0,0.040000000000873115,-50.10000000000044,0.0
221,500.0,0.039999999999054126,-50.10000000000044,0.0
222,84.0,0.010000000000218279,-9.399999999999986,-0.888155323504976
223,500.0,0.040000000000873115,-50.10000000000044,0.0
224,91.0,0.0,-10.099999999999984,-0.9018999999999999
225,500.0,0.029999999998835847,-50.10000000000044,0.0
226,500.0,0.030000000000654836,-50.10000000000044,1.3877787807814457e-17
227,223.0,0.020000000000436557,-23.300000000000047,-0.08881553235049755
228,220.0,0.019999999998617568,-23.000000000000043,-0.010000000000000009
229,500.0,0.040000000000873115,-50.10000000000044,0.0
230,361.0,0.020000000000436557,-37.10000000000024,-0.8187998458209155
231,500.0,0.029999999998835847,-50.10000000000044,0.0
232,500.0,0.030000000000654836,-50.10000000000044,0.0
233,241.0,0.019999999998617568,-25.100000000000072,-1.0
234,500.0,0.040000000000873115,-50.10000000000044,0.0
235,500.0,0.039999999999054126,-50.10000000000044,0.0
236,426.0,0.030000000000654836,-43.600000000000335,-0.8918200000000001
237,500.0,0.030000000000654836,-50.10000000000044,0.0
238,429.0,0.029999999998835847,-43.90000000000034,-0.8812909823851001
239,500.0,0.040000000000873115,-50.10000000000044,0.0
240,500.0,0.029999999998835847,-50.10000000000044,-4.996003610813204e-16
241,118.0,0.010000000000218279,-12.799999999999974,-0.08918199999999987
242,427.0,0.040000000000873115,-43.70000000000034,-1.0
243,500.0,0.029999999998835847,-50.10000000000044,6.735282024189493e-07
244,224.0,0.010000000000218279,-23.40000000000005,-0.80209
245,145.0,0.020000000000436557,-15.499999999999964,-0.8091109
246,338.0,0.020000000000436557,-34.80000000000021,-0.8787186575860623
247,169.0,0.019999999998617568,-17.89999999999997,-0.08787186575860617
248,500.0,0.040000000000873115,-50.10000000000044,1.3322676295501878e-15
249,500.0,0.029999999998835847,-50.10000000000044,0.0
250,137.0,0.010000000000218279,-14.699999999999967,-0.010000000000000009
251,325.0,0.030000000000654836,-33.50000000000019,-0.8911019468643419
252,473.0,0.030000000000654836,-48.3000000000004,-0.91
253,500.0,0.030000000000654836,-50.10000000000044,0.0
254,500.0,0.030000000000654836,-50.10000000000044,0.0
255,500.0,0.039999999999054126,-50.10000000000044,-6.938893903907228e-17
256,485.0,0.040000000000873115,-49.50000000000042,-0.8866624291538421
257,500.0,0.039999999999054126,-50.10000000000044,0.0
258,473.0,0.030000000000654836,-48.3000000000004,-1.0
259,87.0,0.010000000000218279,-9.699999999999985,-0.887359374799219
260,500.0,0.039999999999054126,-50.10000000000044,0.0
261,500.0,0.040000000000873115,-50.10000000000044,6.938893903907228e-17
262,500.0,0.039999999999054126,-50.10000000000044,0.0
263,193.0,0.010000000000218279,-20.300000000000004,-0.08873593747992192
264,500.0,0.040000000000873115,-50.10000000000044,0.0
265,500.0,0.039999999999054126,-50.10000000000044,0.0
266,500.0,0.050000000001091394,-50.10000000000044,0.0
267,500.0,0.039999999999054126,-50.10000000000044,0.0
268,500.0,0.040000000000873115,-50.10000000000044,0.0
269,500.0,0.039999999999054126,-50.10000000000044,0.0
270,500.0,0.040000000000873115,-50.10000000000044,0.0
271,500.0,0.039999999999054126,-50.10000000000044,0.0
272,500.0,0.040000000000873115,-50.10000000000044,0.0
273,161.0,0.010000000000218279,-17.09999999999996,-1.0
274,181.0,0.00999999999839929,-19.099999999999987,-1.0
275,190.0,0.010000000000218279,-20.0,-1.0
276,500.0,0.040000000000873115,-50.10000000000044,0.0
277,500.0,0.039999999999054126,-50.10000000000044,0.0
278,500.0,0.040000000000873115,-50.10000000000044,0.0
279,500.0,0.039999999999054126,-50.10000000000044,0.0
280,500.0,0.040000000000873115,-50.10000000000044,0.0
281,500.0,0.039999999999054126,-50.10000000000044,0.0
282,500.0,0.040000000000873115,-50.10000000000044,0.0
283,500.0,0.039999999999054126,-50.10000000000044,0.0
284,500.0,0.040000000000873115,-50.10000000000044,0.0
285,500.0,0.039999999999054126,-50.10000000000044,0.0
286,258.0,0.010000000000218279,-26.800000000000097,-0.8008698763
287,500.0,0.040000000000873115,-50.10000000000044,0.0
288,364.0,0.039999999999054126,-37.40000000000025,-0.8929
289,500.0,0.030000000000654836,-50.10000000000044,0.0
290,81.0,0.010000000000218279,-9.099999999999987,-1.0
291,500.0,0.039999999999054126,-50.10000000000044,0.0
292,169.0,0.010000000000218279,-17.89999999999997,-0.91
293,500.0,0.030000000000654836,-50.10000000000044,0.0
294,65.0,0.0,-7.499999999999993,-0.8897275572787301
295,500.0,0.039999999999054126,-50.10000000000044,0.0005253174139343841
296,102.0,0.010000000000218279,-11.19999999999998,-0.8808755840498563
297,76.0,0.010000000000218279,-8.599999999999989,-0.8883550396607329
298,500.0,0.039999999999054126,-50.10000000000044,0.0
299,500.0,0.040000000000873115,-50.10000000000044,-1.642343899765919e-10
300,280.0,0.020000000000436557,-29.000000000000128,-0.8802386490322363
301,100.0,0.010000000000218279,-10.99999999999998,-0.08802386490322345
302,500.0,0.039999999999054126,-50.10000000000044,1.942890293094024e-16
303,309.0,0.020000000000436557,-31.90000000000017,-0.008873593747992237
304,500.0,0.039999999999054126,-50.10000000000044,0.0
305,500.0,0.040000000000873115,-50.10000000000044,0.0
306,240.0,0.020000000000436557,-25.00000000000007,-0.8903072773880019
307,214.0,0.019999999998617568,-22.400000000000034,-0.00880238649032239
308,102.0,0.010000000000218279,-11.19999999999998,-0.00878718657586064
309,500.0,0.030000000000654836,-50.10000000000044,0.0
310,329.0,0.020000000000436557,-33.9000000000002,-0.0010000000000000009
311,500.0,0.039999999999054126,-50.10000000000044,-0.0010000000000000009
312,500.0,0.040000000000873115,-50.10000000000044,0.0
313,141.0,0.010000000000218279,-15.099999999999966,-1.0
314,382.0,0.029999999998835847,-39.20000000000027,-0.8810442109
315,500.0,0.040000000000873115,-50.10000000000044,-5.7534220540556014e-08
316,115.0,0.010000000000218279,-12.499999999999975,-0.8810424342109
317,114.0,0.00999999999839929,-12.399999999999975,-0.08810424342109002
318,500.0,0.040000000000873115,-50.10000000000044,0.0
319,359.0,0.030000000000654836,-36.90000000000024,-1.0
320,500.0,0.039999999999054126,-50.10000000000044,0.0
321,469.0,0.030000000000654836,-47.9000000000004,-1.0
322,97.0,0.0,-10.699999999999982,-0.91
323,500.0,0.029999999998835847,-50.10000000000044,7.236993171816364e-07
324,500.0,0.050000000001091394,-50.10000000000044,4.983374823908093e-12
325,103.0,0.00999999999839929,-11.29999999999998,-0.91
326,433.0,0.030000000000654836,-44.300000000000345,-1.0
327,500.0,0.040000000000873115,-50.10000000000044,0.0
328,500.0,0.039999999999054126,-50.10000000000044,1.0336495548379787e-11
329,391.0,0.030000000000654836,-40.100000000000286,-0.800920943323505
330,270.0,0.020000000000436557,-28.000000000000114,-1.0
331,164.0,0.00999999999839929,-17.399999999999963,-0.91
332,243.0,0.010000000000218279,-25.300000000000075,-1.0
333,253.0,0.010000000000218279,-26.30000000000009,-0.891361
334,198.0,0.010000000000218279,-20.80000000000001,-0.8902909
335,264.0,0.019999999998617568,-27.400000000000105,-1.0
336,500.0,0.030000000000654836,-50.10000000000044,0.0
337,80.0,0.010000000000218279,-8.999999999999988,-1.0
338,212.0,0.020000000000436557,-22.20000000000003,-1.0
339,136.0,0.010000000000218279,-14.599999999999968,-0.91
340,413.0,0.029999999998835847,-42.30000000000032,-0.91
341,500.0,0.040000000000873115,-50.10000000000044,4.782637302191972e-06
342,206.0,0.019999999998617568,-21.600000000000023,-0.8887950045211638
343,245.0,0.020000000000436557,-25.500000000000078,-1.0
344,500.0,0.030000000000654836,-50.10000000000044,0.0
345,500.0,0.029999999998835847,-50.10000000000044,0.0
346,500.0,0.040000000000873115,-50.10000000000044,0.0
347,500.0,0.039999999999054126,-50.10000000000044,-3.7470027081099033e-16
348,210.0,0.010000000000218279,-22.00000000000003,-0.91
349,400.0,0.030000000000654836,-41.0000000000003,-1.0
350,500.0,0.029999999998835847,-50.10000000000044,0.0
351,403.0,0.030000000000654836,-41.3000000000003,-0.8889114303528867
352,327.0,0.020000000000436557,-33.700000000000195,-1.0
353,500.0,0.039999999999054126,-50.10000000000044,0.0
354,500.0,0.040000000000873115,-50.10000000000044,1.2650333558461568e-09
355,500.0,0.039999999999054126,-50.10000000000044,1.7321422074445536e-12
356,325.0,0.030000000000654836,-33.50000000000019,-0.8810047271741792
357,500.0,0.039999999999054126,-50.10000000000044,0.0
358,500.0,0.040000000000873115,-50.10000000000044,2.7755575615628914e-17
359,500.0,0.039999999999054126,-50.10000000000044,0.0
360,500.0,0.030000000000654836,-50.10000000000044,0.0
361,500.0,0.039999999999054126,-50.10000000000044,6.647460359943125e-15
362,500.0,0.030000000000654836,-50.10000000000044,0.0
363,500.0,0.049999999999272404,-50.10000000000044,0.0
364,500.0,0.030000000000654836,-50.10000000000044,0.0
365,500.0,0.040000000000873115,-50.10000000000044,0.0
366,149.0,0.00999999999839929,-15.899999999999963,-0.08810047271741794
367,167.0,0.020000000000436557,-17.699999999999967,-0.008810424342108991
368,133.0,0.010000000000218279,-14.299999999999969,-1.0
369,500.0,0.040000000000873115,-50.10000000000044,0.0
370,500.0,0.039999999999054126,-50.10000000000044,0.0
371,102.0,0.010000000000218279,-11.19999999999998,-0.792247099580352
372,500.0,0.040000000000873115,-50.10000000000044,-5.7592819402429996e-15
373,500.0,0.039999999999054126,-50.10000000000044,1.0935696792557792e-14
374,500.0,0.030000000000654836,-50.10000000000044,-1.5333745384538133e-10
375,439.0,0.050000000001091394,-44.900000000000354,-0.91
376,500.0,0.039999999999054126,-50.10000000000044,9.575673587391975e-16
377,210.0,0.020000000000436557,-22.00000000000003,-1.0
378,317.0,0.020000000000436557,-32.70000000000018,-1.0
379,500.0,0.039999999999054126,-50.10000000000044,0.0
380,500.0,0.040000000000873115,-50.10000000000044,0.0
381,500.0,0.039999999999054126,-50.10000000000044,0.0
382,496.0,0.030000000000654836,-50.600000000000435,-0.900999989780563
383,500.0,0.030000000000654836,-50.10000000000044,-1.8457457784393227e-15
384,71.0,0.00999999999839929,-8.09999999999999,-1.0
385,191.0,0.020000000000436557,-20.1,-0.8888911275526664
386,442.0,0.030000000000654836,-45.20000000000036,-1.0
387,306.0,0.020000000000436557,-31.600000000000165,-0.8089890615926135
388,500.0,0.039999999999054126,-50.10000000000044,1.3877787807814457e-17
389,428.0,0.030000000000654836,-43.80000000000034,-0.08089890615926132
390,500.0,0.029999999998835847,-50.10000000000044,7.406325516767787e-08
391,424.0,0.040000000000873115,-43.40000000000033,-0.8888682784655128
392,97.0,0.010000000000218279,-10.699999999999982,-0.08888682784655122
393,329.0,0.019999999998617568,-33.9000000000002,-0.8793534844264563
394,500.0,0.030000000000654836,-50.10000000000044,2.1913026948539027e-14
395,368.0,0.030000000000654836,-37.80000000000025,-0.8888800444629497
396,500.0,0.039999999999054126,-50.10000000000044,0.0
397,224.0,0.020000000000436557,-23.40000000000005,-0.91
398,500.0,0.039999999999054126,-50.10000000000044,0.0
399,132.0,0.010000000000218279,-14.199999999999969,-0.8088896092703652
400,148.0,0.010000000000218279,-15.799999999999963,-0.892084249
401,500.0,0.040000000000873115,-50.10000000000044,0.0
402,500.0,0.039999999999054126,-50.10000000000044,0.0
403,500.0,0.040000000000873115,-50.10000000000044,0.0
404,372.0,0.019999999998617568,-38.20000000000026,-1.0
405,500.0,0.040000000000873115,-50.10000000000044,0.0
406,500.0,0.039999999999054126,-50.10000000000044,0.0
407,105.0,0.010000000000218279,-11.499999999999979,-0.873551297508638
408,455.0,0.030000000000654836,-46.50000000000038,-0.8022428717939212
409,500.0,0.039999999999054126,-50.10000000000044,0.0
410,500.0,0.040000000000873115,-50.10000000000044,0.0
411,500.0,0.039999999999054126,-50.10000000000044,0.0
412,227.0,0.020000000000436557,-23.700000000000053,-0.889939809049968
413,500.0,0.030000000000654836,-50.10000000000044,0.0
414,382.0,0.029999999998835847,-39.20000000000027,-1.0
415,500.0,0.030000000000654836,-50.10000000000044,0.0
416,322.0,0.020000000000436557,-33.20000000000019,-1.0
417,500.0,0.039999999999054126,-50.10000000000044,0.0
418,500.0,0.040000000000873115,-50.10000000000044,0.0
419,500.0,0.039999999999054126,-50.10000000000044,0.0
420,41.0,0.0,-5.100000000000001,-0.886676952557176
421,500.0,0.040000000000873115,-50.10000000000044,9.101995510074623e-08
422,270.0,0.019999999998617568,-28.000000000000114,-0.0886676952557175
423,456.0,0.030000000000654836,-46.60000000000038,-1.0
424,500.0,0.040000000000873115,-50.10000000000044,0.0
425,282.0,0.019999999998617568,-29.20000000000013,-0.890461
426,153.0,0.020000000000436557,-16.29999999999996,-1.0
427,500.0,0.030000000000654836,-50.10000000000044,0.0
428,82.0,0.0,-9.199999999999987,-0.890299
429,500.0,0.039999999999054126,-50.10000000000044,0.0
430,500.0,0.030000000000654836,-50.10000000000044,0.0
431,500.0,0.039999999999054126,-50.10000000000044,0.0
432,500.0,0.040000000000873115,-50.10000000000044,0.0
433,307.0,0.029999999998835847,-31.700000000000166,-0.8911089999999999
434,500.0,0.030000000000654836,-50.10000000000044,0.0
435,500.0,0.029999999998835847,-50.10000000000044,0.0
436,500.0,0.040000000000873115,-50.10000000000044,0.0
437,500.0,0.049999999999272404,-50.10000000000044,0.0
438,500.0,0.040000000000873115,-50.10000000000044,0.0
439,500.0,0.030000000000654836,-50.10000000000044,0.0
440,500.0,0.030000000000654836,-50.10000000000044,0.0
441,500.0,0.030000000000654836,-50.10000000000044,0.0
442,500.0,0.039999999999054126,-50.10000000000044,0.0
443,292.0,0.030000000000654836,-30.200000000000145,-0.00886676952557175
444,500.0,0.029999999998835847,-50.10000000000044,0.0
445,500.0,0.040000000000873115,-50.10000000000044,0.0
446,500.0,0.039999999999054126,-50.10000000000044,-9.56179579958416e-15
447,175.0,0.010000000000218279,-18.49999999999998,-0.0008866769525571749
448,110.0,0.010000000000218279,-11.999999999999977,-0.9009099091852586
449,463.0,0.040000000000873115,-47.30000000000039,-0.8877735269801509
450,500.0,0.039999999999054126,-50.10000000000044,2.403620497082315e-10
451,500.0,0.030000000000654836,-50.10000000000044,3.0531133177191805e-16
452,491.0,0.029999999998835847,-50.10000000000043,-0.08877735269801512
453,500.0,0.040000000000873115,-50.10000000000044,0.0
454,361.0,0.029999999998835847,-37.10000000000024,-0.91
455,500.0,0.040000000000873115,-50.10000000000044,0.0
456,500.0,0.039999999999054126,-50.10000000000044,0.0
457,500.0,0.030000000000654836,-50.10000000000044,1.3031242751537775e-14
458,500.0,0.049999999999272404,-50.10000000000044,0.0
459,188.0,0.010000000000218279,-19.799999999999997,-1.0
460,500.0,0.040000000000873115,-50.10000000000044,4.163336342344337e-17
461,260.0,0.020000000000436557,-27.0000000000001,-1.0
462,403.0,0.029999999998835847,-41.3000000000003,-1.0
463,500.0,0.040000000000873115,-50.10000000000044,1.4771239786881551e-12
464,500.0,0.039999999999054126,-50.10000000000044,1.0130785099704553e-15
465,140.0,0.010000000000218279,-14.999999999999966,-0.91
466,500.0,0.030000000000654836,-50.10000000000044,0.0
467,500.0,0.029999999998835847,-50.10000000000044,0.0
468,248.0,0.020000000000436557,-25.800000000000082,-0.8889393894042139
469,500.0,0.030000000000654836,-50.10000000000044,0.0
470,462.0,0.039999999999054126,-47.20000000000039,-0.8929
471,257.0,0.030000000000654836,-26.700000000000095,-0.8888895528703065
472,500.0,0.029999999998835847,-50.10000000000044,0.0
473,500.0,0.050000000001091394,-50.10000000000044,0.0
474,500.0,0.049999999999272404,-50.10000000000044,0.0
475,500.0,0.040000000000873115,-50.10000000000044,0.0
476,500.0,0.039999999999054126,-50.10000000000044,0.0
477,184.0,0.010000000000218279,-19.39999999999999,-0.08888895528703067
478,500.0,0.029999999998835847,-50.10000000000044,0.0
479,500.0,0.030000000000654836,-50.10000000000044,0.0
480,500.0,0.029999999998835847,-50.10000000000044,0.0
481,500.0,0.040000000000873115,-50.10000000000044,0.0
482,500.0,0.040000000000873115,-50.10000000000044,0.0
483,196.0,0.019999999998617568,-20.60000000000001,-1.0
484,500.0,0.040000000000873115,-50.10000000000044,0.0
485,500.0,0.039999999999054126,-50.10000000000044,0.0
486,500.0,0.040000000000873115,-50.10000000000044,0.0
487,500.0,0.039999999999054126,-50.10000000000044,2.453592884421596e-14
488,500.0,0.040000000000873115,-50.10000000000044,0.0
489,500.0,0.039999999999054126,-50.10000000000044,0.0
490,500.0,0.040000000000873115,-50.10000000000044,0.0
491,500.0,0.039999999999054126,-50.10000000000044,0.0
492,500.0,0.040000000000873115,-50.10000000000044,0.0
493,500.0,0.030000000000654836,-50.10000000000044,-2.3592239273284576e-16
494,500.0,0.030000000000654836,-50.10000000000044,0.0
495,74.0,0.010000000000218279,-8.39999999999999,-0.89032249
496,500.0,0.040000000000873115,-50.10000000000044,0.0
497,500.0,0.039999999999054126,-50.10000000000044,0.0
498,500.0,0.030000000000654836,-50.10000000000044,0.0
499,500.0,0.029999999998835847,-50.10000000000044,0.0
500,500.0,0.030000000000654836,-50.10000000000044,0.0
501,273.0,0.029999999998835847,-28.300000000000118,-0.8800891549464523
502,500.0,0.040000000000873115,-50.10000000000044,-6.418823333964596e-09
503,106.0,0.010000000000218279,-11.599999999999978,-0.8023066338313357
504,420.0,0.029999999998835847,-43.00000000000033,-0.08023066338313356
505,113.0,0.010000000000218279,-12.299999999999976,-0.888904846645038
506,231.0,0.020000000000436557,-24.10000000000006,-0.8008111225177222
507,500.0,0.040000000000873115,-50.10000000000044,1.5990403445798052e-12
508,380.0,0.029999999998835847,-39.00000000000027,-0.91
509,500.0,0.040000000000873115,-50.10000000000044,0.0
510,500.0,0.029999999998835847,-50.10000000000044,-1.7010152800200906e-08
511,500.0,0.030000000000654836,-50.10000000000044,0.0
512,148.0,0.010000000000218279,-15.799999999999963,-0.8891487803339272
513,500.0,0.039999999999054126,-50.10000000000044,0.0
514,500.0,0.040000000000873115,-50.10000000000044,0.0
515,500.0,0.029999999998835847,-50.10000000000044,8.426592756904938e-14
516,196.0,0.010000000000218279,-20.60000000000001,-0.89209
517,500.0,0.040000000000873115,-50.10000000000044,0.0
518,500.0,0.039999999999054126,-50.10000000000044,0.0
519,500.0,0.040000000000873115,-50.10000000000044,0.0
520,107.0,0.010000000000218279,-11.699999999999978,-1.0
521,500.0,0.039999999999054126,-50.10000000000044,0.0
522,500.0,0.040000000000873115,-50.10000000000044,0.0
523,108.0,0.00999999999839929,-11.799999999999978,-0.08008111225177217
524,500.0,0.030000000000654836,-50.10000000000044,4.1550096696596484e-14
525,500.0,0.030000000000654836,-50.10000000000044,0.0
526,311.0,0.020000000000436557,-32.10000000000017,-0.888931933298749
527,255.0,0.020000000000436557,-26.500000000000092,-1.0
528,439.0,0.030000000000654836,-44.900000000000354,-0.88948
529,500.0,0.029999999998835847,-50.10000000000044,0.0
530,203.0,0.020000000000436557,-21.30000000000002,-0.8889080246338045
531,209.0,0.020000000000436557,-21.900000000000027,-0.8888979435979689
532,500.0,0.039999999999054126,-50.10000000000044,-1.3877787807814457e-17
533,500.0,0.030000000000654836,-50.10000000000044,0.0
534,500.0,0.029999999998835847,-50.10000000000044,0.0
535,500.0,0.050000000001091394,-50.10000000000044,0.0
536,211.0,0.020000000000436557,-22.10000000000003,-0.8888903489230731
537,500.0,0.029999999998835847,-50.10000000000044,-5.551115123125783e-17
538,500.0,0.030000000000654836,-50.10000000000044,0.0
539,475.0,0.039999999999054126,-48.500000000000405,-0.0080230663383134
540,430.0,0.030000000000654836,-44.00000000000034,-1.0
541,259.0,0.010000000000218279,-26.900000000000098,-0.8888983561090813
542,172.0,0.010000000000218279,-18.199999999999974,-1.0
543,500.0,0.040000000000873115,-50.10000000000044,0.0
544,500.0,0.030000000000654836,-50.10000000000044,3.191891195797325e-16
545,500.0,0.030000000000654836,-50.10000000000044,0.0
546,196.0,0.020000000000436557,-20.60000000000001,-0.891361
547,238.0,0.019999999998617568,-24.800000000000068,-0.008008111225177195
548,457.0,0.030000000000654836,-46.70000000000038,-0.88933758751
549,500.0,0.040000000000873115,-50.10000000000044,0.0
550,500.0,0.039999999999054126,-50.10000000000044,0.0
551,500.0,0.040000000000873115,-50.10000000000044,-0.00017241348252942934
552,500.0,0.039999999999054126,-50.10000000000044,0.0
553,395.0,0.030000000000654836,-40.50000000000029,-1.0
554,89.0,0.010000000000218279,-9.899999999999984,-0.0010000000000000009
555,75.0,0.010000000000218279,-8.49999999999999,-1.0
556,500.0,0.029999999998835847,-50.10000000000044,0.0
557,500.0,0.030000000000654836,-50.10000000000044,0.0
558,500.0,0.029999999998835847,-50.10000000000044,0.0
559,324.0,0.030000000000654836,-33.40000000000019,-1.0
560,500.0,0.039999999999054126,-50.10000000000044,2.7616088166260155e-09
561,320.0,0.020000000000436557,-33.000000000000185,-1.0
562,161.0,0.020000000000436557,-17.09999999999996,-0.90028
563,500.0,0.039999999999054126,-50.10000000000044,4.779846934921395e-10
564,500.0,0.030000000000654836,-50.10000000000044,0.0
565,197.0,0.010000000000218279,-20.70000000000001,-0.91
566,289.0,0.029999999998835847,-29.90000000000014,-0.8800049410808934
567,500.0,0.030000000000654836,-50.10000000000044,0.0
568,500.0,0.030000000000654836,-50.10000000000044,0.0
569,112.0,0.0,-12.199999999999976,-0.8088830585382791
570,500.0,0.040000000000873115,-50.10000000000044,0.0
571,335.0,0.030000000000654836,-34.500000000000206,-0.08088830585382789
572,229.0,0.019999999998617568,-23.900000000000055,-0.8001632160044798
573,73.0,0.010000000000218279,-8.29999999999999,-0.08001632160044791
574,295.0,0.030000000000654836,-30.50000000000015,-0.008001632160044791
575,500.0,0.039999999999054126,-50.10000000000044,3.191891195797325e-16
576,109.0,0.010000000000218279,-11.899999999999977,-0.792881955506895
577,500.0,0.040000000000873115,-50.10000000000044,0.0
578,500.0,0.039999999999054126,-50.10000000000044,0.0
579,254.0,0.020000000000436557,-26.40000000000009,-0.8891735430723594
580,500.0,0.039999999999054126,-50.10000000000044,0.0
581,500.0,0.030000000000654836,-50.10000000000044,0.0
582,410.0,0.030000000000654836,-42.00000000000031,-0.91
583,97.0,0.00999999999839929,-10.699999999999982,-0.8872177787781985
584,118.0,0.010000000000218279,-12.799999999999974,-1.0
585,249.0,0.020000000000436557,-25.900000000000084,-0.8802336490195597
586,109.0,0.010000000000218279,-11.899999999999977,-0.802315079660395
587,500.0,0.040000000000873115,-50.10000000000044,1.2906342661267445e-15
588,123.0,0.00999999999839929,-13.299999999999972,-0.0802315079660395
589,500.0,0.040000000000873115,-50.10000000000044,0.0
590,427.0,0.039999999999054126,-43.70000000000034,-0.008023150796603984
591,500.0,0.030000000000654836,-50.10000000000044,0.0
592,212.0,0.010000000000218279,-22.20000000000003,-0.0008023150796604428
593,500.0,0.039999999999054126,-50.10000000000044,0.0
594,268.0,0.020000000000436557,-27.80000000000011,-0.91
595,500.0,0.040000000000873115,-50.10000000000044,0.0
596,500.0,0.039999999999054126,-50.10000000000044,1.2212453270876722e-15
597,407.0,0.030000000000654836,-41.70000000000031,-0.09999999999999998
598,106.0,0.010000000000218279,-11.599999999999978,-0.8888892599269148
599,163.0,0.010000000000218279,-17.29999999999996,-0.8889064819060412
600,500.0,0.030000000000654836,-50.10000000000044,0.0
601,500.0,0.040000000000873115,-50.10000000000044,0.0
602,198.0,0.019999999998617568,-20.80000000000001,-0.8888030442263231
603,500.0,0.040000000000873115,-50.10000000000044,0.0
604,309.0,0.020000000000436557,-31.90000000000017,-0.8911
605,500.0,0.039999999999054126,-50.10000000000044,0.0
606,500.0,0.040000000000873115,-50.10000000000044,0.0
607,500.0,0.039999999999054126,-50.10000000000044,0.0
608,500.0,0.040000000000873115,-50.10000000000044,0.0
609,455.0,0.029999999998835847,-46.50000000000038,-0.08888030442263228
610,500.0,0.030000000000654836,-50.10000000000044,0.0
611,138.0,0.010000000000218279,-14.799999999999967,-0.91
612,500.0,0.039999999999054126,-50.10000000000044,4.0245584642661925e-16
613,405.0,0.040000000000873115,-41.500000000000306,-0.8008890199919919
614,431.0,0.039999999999054126,-44.10000000000034,-0.08008890199919916
615,233.0,0.020000000000436557,-24.30000000000006,-0.008008890199919905
616,359.0,0.030000000000654836,-36.90000000000024,-0.0008008890199919794
617,33.0,0.0,-4.300000000000002,-9.999999999998899e-05
618,289.0,0.029999999998835847,-29.90000000000014,-0.8727224343205158
619,269.0,0.020000000000436557,-27.900000000000112,-0.889311691
620,113.0,0.0,-12.299999999999976,-0.8800088188070213
621,45.0,0.0,-5.5,-0.8022196515039595
622,384.0,0.029999999998835847,-39.400000000000276,-0.0880008818807021
623,102.0,0.010000000000218279,-11.19999999999998,-0.8880563401023117
624,500.0,0.040000000000873115,-50.10000000000044,0.0
625,64.0,0.0,-7.399999999999993,-0.08880563401023112
626,276.0,0.019999999998617568,-28.600000000000122,-0.008880563401023167
627,96.0,0.010000000000218279,-10.599999999999982,-0.8890424299634616
628,54.0,0.0,-6.399999999999997,-0.9018999999999999
629,172.0,0.020000000000436557,-18.199999999999974,-0.8008800101814788
630,481.0,0.030000000000654836,-49.10000000000041,-0.91
631,500.0,0.029999999998835847,-50.10000000000044,-7.677996116672858e-08
632,233.0,0.010000000000218279,-24.30000000000006,-0.9011709999999999
633,72.0,0.0,-8.19999999999999,-0.9018999999999999
634,500.0,0.039999999999054126,-50.10000000000044,-2.7755575615628914e-17
635,251.0,0.020000000000436557,-26.100000000000087,-0.8888788894728529
636,90.0,0.010000000000218279,-9.999999999999984,-0.8024086107021903
637,315.0,0.020000000000436557,-32.50000000000018,-0.08888903489230726
638,500.0,0.039999999999054126,-50.10000000000044,1.768428459225646e-11
639,112.0,0.010000000000218279,-12.199999999999976,-0.08008800101814784
640,237.0,0.020000000000436557,-24.700000000000067,-0.008008800101814817
641,218.0,0.010000000000218279,-22.80000000000004,-0.9000346225212256
642,191.0,0.010000000000218279,-20.1,-1.0
643,139.0,0.00999999999839929,-14.899999999999967,-0.8800695448956106
644,118.0,0.020000000000436557,-12.799999999999974,-1.0
645,335.0,0.020000000000436557,-34.500000000000206,-0.8800080445738312
646,184.0,0.020000000000436557,-19.39999999999999,-1.0
647,75.0,0.0,-8.49999999999999,-0.8888888909420032
648,440.0,0.029999999998835847,-45.000000000000355,-0.0880069544895612
649,199.0,0.020000000000436557,-20.900000000000013,-0.8900937343063378
650,150.0,0.010000000000218279,-15.999999999999963,-0.8880880036385651
651,254.0,0.020000000000436557,-26.40000000000009,-0.8877946688109715
652,134.0,0.010000000000218279,-14.399999999999968,-0.08877946688109717
653,98.0,0.00999999999839929,-10.799999999999981,-1.0
654,92.0,0.010000000000218279,-10.199999999999983,-0.7936812103088186
655,202.0,0.020000000000436557,-21.200000000000017,-0.07936812103088187
656,231.0,0.020000000000436557,-24.10000000000006,-0.008877946688109706
657,226.0,0.010000000000218279,-23.60000000000005,-0.7928781700538264
658,270.0,0.019999999998617568,-28.000000000000114,-1.0
659,320.0,0.030000000000654836,-33.000000000000185,-1.0
660,188.0,0.010000000000218279,-19.799999999999997,-0.8800088794828413
661,181.0,0.010000000000218279,-19.099999999999987,-0.8119000000000001
662,500.0,0.039999999999054126,-50.10000000000044,1.27675647831893e-15
663,216.0,0.020000000000436557,-22.600000000000037,-0.010000000000000009
664,113.0,0.010000000000218279,-12.299999999999976,-0.8890327189963896
665,263.0,0.020000000000436557,-27.300000000000104,-0.8888878255566226
666,273.0,0.019999999998617568,-28.300000000000118,-0.901
667,135.0,0.010000000000218279,-14.499999999999968,-0.8888793817294061
668,328.0,0.020000000000436557,-33.800000000000196,-0.9018999999999999
669,500.0,0.039999999999054126,-50.10000000000044,0.0
670,166.0,0.010000000000218279,-17.599999999999966,-0.890246226241
671,500.0,0.040000000000873115,-50.10000000000044,0.0
672,152.0,0.010000000000218279,-16.19999999999996,-0.08888878255566224
673,280.0,0.019999999998617568,-29.000000000000128,-0.8887937522223474
674,458.0,0.030000000000654836,-46.80000000000038,-1.0
675,101.0,0.010000000000218279,-11.09999999999998,-0.8784646109660089
676,218.0,0.020000000000436557,-22.80000000000004,-0.8088879375522269
677,158.0,0.00999999999839929,-16.79999999999996,-0.08088879375522262
678,155.0,0.010000000000218279,-16.49999999999996,-0.8929
679,353.0,0.020000000000436557,-36.30000000000023,-0.8110811653262463
680,113.0,0.010000000000218279,-12.299999999999976,-1.0
681,233.0,0.020000000000436557,-24.30000000000006,-0.8888888903554679
682,163.0,0.019999999998617568,-17.29999999999996,-0.8877940451768842
683,106.0,0.010000000000218279,-11.599999999999978,-1.0
684,98.0,0.0,-10.799999999999981,-0.8900114914798518
685,178.0,0.010000000000218279,-18.799999999999983,-1.0
686,133.0,0.010000000000218279,-14.299999999999969,-0.8888888114466748
687,49.0,0.010000000000218279,-5.899999999999999,-0.08888888114466742
688,134.0,0.010000000000218279,-14.399999999999968,-0.889318165603659
689,497.0,0.039999999999054126,-50.700000000000436,-0.8890497768382833
690,73.0,0.010000000000218279,-8.29999999999999,-0.8872341050946173
691,169.0,0.010000000000218279,-17.89999999999997,-0.8887786590515414
692,294.0,0.020000000000436557,-30.400000000000148,-0.08872341050946175
693,184.0,0.00999999999839929,-19.39999999999999,-1.0
694,291.0,0.020000000000436557,-30.100000000000144,-0.8889278809849562
695,222.0,0.010000000000218279,-23.200000000000045,-0.91
696,79.0,0.010000000000218279,-8.899999999999988,-1.0
697,420.0,0.039999999999054126,-43.00000000000033,-0.8911
698,131.0,0.010000000000218279,-14.09999999999997,-0.8088877680483699
699,257.0,0.020000000000436557,-26.700000000000095,-1.0
700,247.0,0.020000000000436557,-25.70000000000008,-0.8920171
701,483.0,0.039999999999054126,-49.300000000000416,-0.8793806995096078
702,283.0,0.020000000000436557,-29.300000000000132,-0.8888887931187262
703,432.0,0.040000000000873115,-44.200000000000344,-1.0
704,348.0,0.019999999998617568,-35.800000000000225,-0.08888887931187262
705,444.0,0.030000000000654836,-45.40000000000036,-0.8888779336940005
706,500.0,0.039999999999054126,-50.10000000000044,0.0
707,53.0,0.0,-6.299999999999997,-0.890333029
708,240.0,0.010000000000218279,-25.00000000000007,-1.0
709,500.0,0.040000000000873115,-50.10000000000044,1.3049700209322168e-12
710,355.0,0.029999999998835847,-36.500000000000234,-0.8890502566511054
711,500.0,0.040000000000873115,-50.10000000000044,0.0
712,124.0,0.00999999999839929,-13.399999999999972,-0.8008889158228517
713,500.0,0.040000000000873115,-50.10000000000044,1.3877787807814457e-17
714,500.0,0.030000000000654836,-50.10000000000044,0.0
715,500.0,0.030000000000654836,-50.10000000000044,0.0
716,500.0,0.030000000000654836,-50.10000000000044,1.2030584861655313e-11
717,237.0,0.019999999998617568,-24.700000000000067,-0.91
718,500.0,0.040000000000873115,-50.10000000000044,0.0
719,500.0,0.039999999999054126,-50.10000000000044,0.0
720,500.0,0.040000000000873115,-50.10000000000044,0.0
721,500.0,0.039999999999054126,-50.10000000000044,0.0
722,426.0,0.030000000000654836,-43.600000000000335,-0.9018999999999999
723,380.0,0.030000000000654836,-39.00000000000027,-0.888802408505696
724,500.0,0.039999999999054126,-50.10000000000044,4.85722573273506e-16
725,500.0,0.040000000000873115,-50.10000000000044,0.0
726,500.0,0.039999999999054126,-50.10000000000044,0.0
727,500.0,0.030000000000654836,-50.10000000000044,0.0
728,500.0,0.029999999998835847,-50.10000000000044,0.0
729,500.0,0.040000000000873115,-50.10000000000044,0.0
730,63.0,0.010000000000218279,-7.299999999999994,-0.8024071579467695
731,500.0,0.039999999999054126,-50.10000000000044,-1.3877787807814457e-17
732,91.0,0.010000000000218279,-10.099999999999984,-0.08008889158228516
733,141.0,0.010000000000218279,-15.099999999999966,-0.91
734,339.0,0.030000000000654836,-34.90000000000021,-0.901
735,398.0,0.029999999998835847,-40.800000000000296,-0.8899849976763944
736,500.0,0.040000000000873115,-50.10000000000044,0.0
737,500.0,0.030000000000654836,-50.10000000000044,0.0
738,102.0,0.00999999999839929,-11.19999999999998,-0.08024071579467695
739,500.0,0.040000000000873115,-50.10000000000044,0.0
740,236.0,0.010000000000218279,-24.600000000000065,-0.887625779731595
741,48.0,0.0,-5.799999999999999,-0.08876257797315945
742,500.0,0.039999999999054126,-50.10000000000044,3.3306690738754696e-16
743,252.0,0.020000000000436557,-26.200000000000088,-1.0
744,242.0,0.020000000000436557,-25.200000000000074,-0.8784414304559142
745,500.0,0.039999999999054126,-50.10000000000044,0.0
746,376.0,0.030000000000654836,-38.600000000000264,-0.91
747,417.0,0.029999999998835847,-42.70000000000032,-0.9009361
748,500.0,0.030000000000654836,-50.10000000000044,0.0
749,500.0,0.030000000000654836,-50.10000000000044,0.0
750,500.0,0.049999999999272404,-50.10000000000044,0.0
751,500.0,0.039999999999054126,-50.10000000000044,0.0
752,500.0,0.040000000000873115,-50.10000000000044,0.0
753,229.0,0.010000000000218279,-23.900000000000055,-0.9011709999999999
754,475.0,0.029999999998835847,-48.500000000000405,-1.0
755,500.0,0.040000000000873115,-50.10000000000044,0.0
756,500.0,0.039999999999054126,-50.10000000000044,0.0
757,189.0,0.020000000000436557,-19.9,-0.890551
758,500.0,0.040000000000873115,-50.10000000000044,0.0
759,500.0,0.029999999998835847,-50.10000000000044,0.0
760,500.0,0.030000000000654836,-50.10000000000044,0.0
761,500.0,0.039999999999054126,-50.10000000000044,0.0
762,260.0,0.020000000000436557,-27.0000000000001,-0.890461
763,500.0,0.040000000000873115,-50.10000000000044,0.0
764,276.0,0.019999999998617568,-28.600000000000122,-0.0878441430455914
765,225.0,0.020000000000436557,-23.50000000000005,-0.9011709999999999
766,500.0,0.040000000000873115,-50.10000000000044,0.0
767,500.0,0.039999999999054126,-50.10000000000044,0.0
768,500.0,0.040000000000873115,-50.10000000000044,0.0
769,500.0,0.039999999999054126,-50.10000000000044,0.0
770,451.0,0.040000000000873115,-46.10000000000037,-0.90109
771,500.0,0.039999999999054126,-50.10000000000044,0.0
772,500.0,0.040000000000873115,-50.10000000000044,0.0
773,500.0,0.029999999998835847,-50.10000000000044,-8.574668752814318e-13
774,500.0,0.040000000000873115,-50.10000000000044,0.0
775,500.0,0.039999999999054126,-50.10000000000044,0.0
776,500.0,0.040000000000873115,-50.10000000000044,0.0
777,500.0,0.040000000000873115,-50.10000000000044,4.571149195276014e-09
778,500.0,0.039999999999054126,-50.10000000000044,0.0
779,500.0,0.030000000000654836,-50.10000000000044,0.0
780,500.0,0.049999999999272404,-50.10000000000044,8.465450562766819e-16
781,500.0,0.040000000000873115,-50.10000000000044,0.0
782,500.0,0.039999999999054126,-50.10000000000044,0.0
783,428.0,0.030000000000654836,-43.80000000000034,-0.8929
784,500.0,0.039999999999054126,-50.10000000000044,0.0
785,500.0,0.030000000000654836,-50.10000000000044,0.0
786,500.0,0.029999999998835847,-50.10000000000044,0.0
787,500.0,0.040000000000873115,-50.10000000000044,0.0
788,500.0,0.039999999999054126,-50.10000000000044,2.0511370379949767e-14
789,500.0,0.040000000000873115,-50.10000000000044,0.0
790,500.0,0.040000000000873115,-50.10000000000044,0.0
791,133.0,0.00999999999839929,-14.299999999999969,-0.8891680861
792,500.0,0.030000000000654836,-50.10000000000044,0.0
793,500.0,0.039999999999054126,-50.10000000000044,0.0
794,178.0,0.020000000000436557,-18.799999999999983,-0.877811855229857
795,500.0,0.040000000000873115,-50.10000000000044,-2.373101715136272e-15
796,500.0,0.029999999998835847,-50.10000000000044,0.0
797,500.0,0.030000000000654836,-50.10000000000044,0.0
798,427.0,0.020000000000436557,-43.70000000000034,-0.08778118552298564
799,170.0,0.010000000000218279,-17.99999999999997,-0.8793039545606446
800,500.0,0.040000000000873115,-50.10000000000044,0.0
801,500.0,0.039999999999054126,-50.10000000000044,0.0
802,500.0,0.040000000000873115,-50.10000000000044,2.8727020762175925e-15
803,500.0,0.039999999999054126,-50.10000000000044,0.0
804,500.0,0.040000000000873115,-50.10000000000044,0.0
805,386.0,0.029999999998835847,-39.60000000000028,-0.890283862
806,500.0,0.06000000000130967,-50.10000000000044,0.0
807,461.0,0.029999999998835847,-47.100000000000385,-1.0
808,298.0,0.020000000000436557,-30.800000000000153,-0.8891359287922
809,500.0,0.029999999998835847,-50.10000000000044,1.3877787807814457e-17
810,317.0,0.020000000000436557,-32.70000000000018,-0.0879303954560644
811,500.0,0.030000000000654836,-50.10000000000044,0.0
812,500.0,0.029999999998835847,-50.10000000000044,0.0
813,500.0,0.050000000001091394,-50.10000000000044,0.0
814,500.0,0.039999999999054126,-50.10000000000044,0.0
815,500.0,0.040000000000873115,-50.10000000000044,0.0
816,500.0,0.029999999998835847,-50.10000000000044,0.0
817,500.0,0.030000000000654836,-50.10000000000044,0.0
818,500.0,0.039999999999054126,-50.10000000000044,0.0
819,500.0,0.040000000000873115,-50.10000000000044,0.0
820,500.0,0.030000000000654836,-50.10000000000044,0.0
821,464.0,0.030000000000654836,-47.40000000000039,-1.0
822,500.0,0.040000000000873115,-50.10000000000044,0.0
823,500.0,0.039999999999054126,-50.10000000000044,0.0
824,500.0,0.040000000000873115,-50.10000000000044,-3.036459972349803e-13
825,500.0,0.039999999999054126,-50.10000000000044,0.0
826,500.0,0.040000000000873115,-50.10000000000044,0.0
827,500.0,0.039999999999054126,-50.10000000000044,0.0
828,500.0,0.040000000000873115,-50.10000000000044,0.0
829,313.0,0.029999999998835847,-32.300000000000175,-0.9018999999999999
830,500.0,0.040000000000873115,-50.10000000000044,0.0
831,500.0,0.030000000000654836,-50.10000000000044,0.0
832,262.0,0.020000000000436557,-27.200000000000102,-0.889392439
833,361.0,0.020000000000436557,-37.10000000000024,-0.8889972673175549
834,500.0,0.029999999998835847,-50.10000000000044,0.0
835,500.0,0.030000000000654836,-50.10000000000044,0.0
836,500.0,0.039999999999054126,-50.10000000000044,0.0
837,413.0,0.030000000000654836,-42.30000000000032,-1.0
838,500.0,0.030000000000654836,-50.10000000000044,0.0
839,500.0,0.039999999999054126,-50.10000000000044,0.0
840,500.0,0.040000000000873115,-50.10000000000044,0.0
841,500.0,0.039999999999054126,-50.10000000000044,0.0
842,500.0,0.030000000000654836,-50.10000000000044,5.9204724456307645e-12
843,110.0,0.0,-11.999999999999977,-0.8886833451448949
844,500.0,0.029999999998835847,-50.10000000000044,0.0
845,500.0,0.040000000000873115,-50.10000000000044,-9.521440467064046e-06
846,500.0,0.039999999999054126,-50.10000000000044,0.0
847,500.0,0.040000000000873115,-50.10000000000044,0.0
848,500.0,0.039999999999054126,-50.10000000000044,0.0
849,500.0,0.040000000000873115,-50.10000000000044,0.0
850,459.0,0.029999999998835847,-46.90000000000038,-0.8901390707867346
851,226.0,0.020000000000436557,-23.60000000000005,-0.8808886836378497
852,500.0,0.040000000000873115,-50.10000000000044,0.0
853,412.0,0.029999999998835847,-42.200000000000315,-0.8023094378505248
854,311.0,0.030000000000654836,-32.10000000000017,-0.8889278241481059
855,358.0,0.020000000000436557,-36.80000000000024,-0.8888428353342102
856,500.0,0.029999999998835847,-50.10000000000044,0.0
857,500.0,0.040000000000873115,-50.10000000000044,0.0
858,500.0,0.039999999999054126,-50.10000000000044,-7.788615319359593e-08
859,500.0,0.040000000000873115,-50.10000000000044,0.0
860,500.0,0.039999999999054126,-50.10000000000044,9.853229343548264e-16
861,350.0,0.030000000000654836,-36.00000000000023,-0.8929
862,500.0,0.040000000000873115,-50.10000000000044,0.0
863,346.0,0.019999999998617568,-35.60000000000022,-1.0
864,500.0,0.030000000000654836,-50.10000000000044,0.0
865,500.0,0.049999999999272404,-50.10000000000044,0.0
866,500.0,0.030000000000654836,-50.10000000000044,0.0
867,500.0,0.039999999999054126,-50.10000000000044,0.0
868,500.0,0.040000000000873115,-50.10000000000044,0.0
869,500.0,0.039999999999054126,-50.10000000000044,0.0
870,428.0,0.030000000000654836,-43.80000000000034,-0.8890500225211142
871,422.0,0.030000000000654836,-43.20000000000033,-0.08888428353342104
872,500.0,0.039999999999054126,-50.10000000000044,0.0
873,500.0,0.030000000000654836,-50.10000000000044,0.0
874,418.0,0.029999999998835847,-42.800000000000324,-0.8888888886908628
875,500.0,0.040000000000873115,-50.10000000000044,0.0
876,243.0,0.010000000000218279,-25.300000000000075,-0.8901249034192822
877,228.0,0.010000000000218279,-23.800000000000054,-0.008888428353342137
878,361.0,0.020000000000436557,-37.10000000000024,-0.0008888428353341915
879,245.0,0.020000000000436557,-25.500000000000078,-8.888428353337474e-05
880,317.0,0.029999999998835847,-32.70000000000018,-0.8888697261851547
881,420.0,0.030000000000654836,-43.00000000000033,-0.08888697261851541
882,500.0,0.040000000000873115,-50.10000000000044,1.459943277382081e-14
883,500.0,0.039999999999054126,-50.10000000000044,0.0
884,500.0,0.040000000000873115,-50.10000000000044,0.0
885,500.0,0.039999999999054126,-50.10000000000044,0.0
886,353.0,0.030000000000654836,-36.30000000000023,-0.888936399301441
887,189.0,0.010000000000218279,-19.9,-0.8872009901514348
888,500.0,0.039999999999054126,-50.10000000000044,0.0
889,500.0,0.040000000000873115,-50.10000000000044,0.0
890,119.0,0.010000000000218279,-12.899999999999974,-0.008888697261851597
891,500.0,0.039999999999054126,-50.10000000000044,0.0
892,500.0,0.040000000000873115,-50.10000000000044,0.0
893,500.0,0.039999999999054126,-50.10000000000044,0.0
894,500.0,0.049999999999272404,-50.10000000000044,0.0
895,500.0,0.040000000000873115,-50.10000000000044,0.0
896,500.0,0.05999999999949068,-50.10000000000044,0.0
897,500.0,0.040000000000873115,-50.10000000000044,0.0
898,500.0,0.029999999998835847,-50.10000000000044,0.0
899,500.0,0.040000000000873115,-50.10000000000044,0.0
900,500.0,0.039999999999054126,-50.10000000000044,0.0
901,500.0,0.040000000000873115,-50.10000000000044,0.0
902,406.0,0.030000000000654836,-41.60000000000031,-0.0008888697261851819
903,500.0,0.039999999999054126,-50.10000000000044,0.0
904,500.0,0.030000000000654836,-50.10000000000044,1.6269763314369357e-12
905,247.0,0.019999999998617568,-25.70000000000008,-0.0008008800101815261
906,500.0,0.040000000000873115,-50.10000000000044,0.0
907,500.0,0.039999999999054126,-50.10000000000044,0.0
908,252.0,0.020000000000436557,-26.200000000000088,-0.0008008111225177306
909,500.0,0.040000000000873115,-50.10000000000044,0.0
910,156.0,0.010000000000218279,-16.59999999999996,-0.8800880035775914
911,89.0,0.010000000000218279,-9.899999999999984,-0.8888922702344924
912,500.0,0.039999999999054126,-50.10000000000044,-1.000384373950336e-08
913,377.0,0.030000000000654836,-38.700000000000266,-0.7928107973358356
914,500.0,0.049999999999272404,-50.10000000000044,-6.27189966628805e-12
915,500.0,0.030000000000654836,-50.10000000000044,0.0
916,500.0,0.029999999998835847,-50.10000000000044,0.0
917,500.0,0.030000000000654836,-50.10000000000044,0.0
918,500.0,0.039999999999054126,-50.10000000000044,0.0
919,500.0,0.040000000000873115,-50.10000000000044,0.0
920,500.0,0.039999999999054126,-50.10000000000044,0.0
921,500.0,0.040000000000873115,-50.10000000000044,0.0
922,500.0,0.039999999999054126,-50.10000000000044,0.0
923,500.0,0.040000000000873115,-50.10000000000044,0.0
924,500.0,0.039999999999054126,-50.10000000000044,0.0
925,500.0,0.030000000000654836,-50.10000000000044,0.0
926,500.0,0.030000000000654836,-50.10000000000044,0.0
927,488.0,0.030000000000654836,-49.80000000000042,-0.8793532152822173
928,500.0,0.040000000000873115,-50.10000000000044,0.0
929,500.0,0.039999999999054126,-50.10000000000044,0.0
930,500.0,0.040000000000873115,-50.10000000000044,4.163336342344337e-17
931,500.0,0.039999999999054126,-50.10000000000044,0.0
932,500.0,0.030000000000654836,-50.10000000000044,0.0
933,500.0,0.029999999998835847,-50.10000000000044,0.0
934,500.0,0.030000000000654836,-50.10000000000044,0.0
935,296.0,0.020000000000436557,-30.60000000000015,-0.8022980633322648
936,500.0,0.039999999999054126,-50.10000000000044,0.0
937,500.0,0.040000000000873115,-50.10000000000044,0.0
938,500.0,0.039999999999054126,-50.10000000000044,6.549121791488144e-05
939,500.0,0.040000000000873115,-50.10000000000044,0.0
940,500.0,0.039999999999054126,-50.10000000000044,0.0
941,500.0,0.030000000000654836,-50.10000000000044,-3.3306690738754696e-16
942,500.0,0.029999999998835847,-50.10000000000044,0.0
943,500.0,0.030000000000654836,-50.10000000000044,0.0
944,500.0,0.039999999999054126,-50.10000000000044,0.0
945,500.0,0.050000000001091394,-50.10000000000044,0.0
946,500.0,0.029999999998835847,-50.10000000000044,0.0
947,500.0,0.040000000000873115,-50.10000000000044,0.0
948,500.0,0.039999999999054126,-50.10000000000044,0.0
949,500.0,0.040000000000873115,-50.10000000000044,0.0
950,185.0,0.010000000000218279,-19.499999999999993,-0.8888083989332721
951,500.0,0.029999999998835847,-50.10000000000044,0.0
952,500.0,0.040000000000873115,-50.10000000000044,0.0
953,500.0,0.039999999999054126,-50.10000000000044,0.0
954,266.0,0.020000000000436557,-27.600000000000108,-0.08022980633322652
955,500.0,0.040000000000873115,-50.10000000000044,0.0
956,500.0,0.039999999999054126,-50.10000000000044,0.0
957,500.0,0.040000000000873115,-50.10000000000044,0.0
958,500.0,0.039999999999054126,-50.10000000000044,0.0
959,500.0,0.040000000000873115,-50.10000000000044,0.0
960,235.0,0.020000000000436557,-24.500000000000064,-0.00802298063332263
961,500.0,0.039999999999054126,-50.10000000000044,0.0
962,500.0,0.030000000000654836,-50.10000000000044,0.0
963,500.0,0.029999999998835847,-50.10000000000044,8.326672684688674e-17
964,500.0,0.040000000000873115,-50.10000000000044,0.0
965,500.0,0.039999999999054126,-50.10000000000044,0.0
966,500.0,0.040000000000873115,-50.10000000000044,5.134781488891349e-15
967,500.0,0.039999999999054126,-50.10000000000044,0.0
968,500.0,0.040000000000873115,-50.10000000000044,0.0
969,500.0,0.029999999998835847,-50.10000000000044,0.0
970,500.0,0.030000000000654836,-50.10000000000044,0.0
971,500.0,0.040000000000873115,-50.10000000000044,0.0
972,500.0,0.039999999999054126,-50.10000000000044,0.0
973,233.0,0.020000000000436557,-24.30000000000006,-0.8794552691225888
974,500.0,0.039999999999054126,-50.10000000000044,0.0
975,500.0,0.040000000000873115,-50.10000000000044,0.0
976,500.0,0.039999999999054126,-50.10000000000044,1.4713157081569506e-10
977,500.0,0.030000000000654836,-50.10000000000044,0.0
978,147.0,0.010000000000218279,-15.699999999999964,-0.88898183461
979,500.0,0.039999999999054126,-50.10000000000044,0.0
980,500.0,0.040000000000873115,-50.10000000000044,0.0
981,500.0,0.039999999999054126,-50.10000000000044,0.0
982,500.0,0.040000000000873115,-50.10000000000044,0.0
983,366.0,0.039999999999054126,-37.60000000000025,-1.0
984,500.0,0.06000000000130967,-50.10000000000044,0.0
985,401.0,0.029999999998835847,-41.1000000000003,-0.88923245599
986,500.0,0.040000000000873115,-50.10000000000044,0.0
987,500.0,0.029999999998835847,-50.10000000000044,0.0
988,241.0,0.020000000000436557,-25.100000000000072,-0.7928153756616364
989,500.0,0.040000000000873115,-50.10000000000044,0.0
990,500.0,0.039999999999054126,-50.10000000000044,0.0
991,500.0,0.040000000000873115,-50.10000000000044,0.0
992,500.0,0.029999999998835847,-50.10000000000044,0.0
993,500.0,0.030000000000654836,-50.10000000000044,0.0
994,500.0,0.029999999998835847,-50.10000000000044,0.0
995,500.0,0.030000000000654836,-50.10000000000044,0.0
996,500.0,0.039999999999054126,-50.10000000000044,0.0
997,500.0,0.040000000000873115,-50.10000000000044,0.0
998,500.0,0.030000000000654836,-50.10000000000044,0.0
999,500.0,0.040000000000873115,-50.10000000000044,0.0
1000,0.0,0.0,0.0,0.0
1001,0.0,0.0,0.0,0.0
1002,0.0,0.0,0.0,0.0
1003,0.0,0.0,0.0,0.0
1004,0.0,0.0,0.0,0.0
1005,0.0,0.0,0.0,0.0
1006,0.0,0.0,0.0,0.0
1007,0.0,0.0,0.0,0.0
1008,0.0,0.0,0.0,0.0
1009,0.0,0.0,0.0,0.0
1010,0.0,0.0,0.0,0.0
1011,0.0,0.0,0.0,0.0
1012,0.0,0.0,0.0,0.0
1013,0.0,0.0,0.0,0.0
1014,0.0,0.0,0.0,0.0
1015,0.0,0.0,0.0,0.0
1016,0.0,0.0,0.0,0.0
1017,0.0,0.0,0.0,0.0
1018,0.0,0.0,0.0,0.0
1019,0.0,0.0,0.0,0.0
1020,0.0,0.0,0.0,0.0
1021,0.0,0.0,0.0,0.0
1022,0.0,0.0,0.0,0.0
1023,0.0,0.0,0.0,0.0
1024,0.0,0.0,0.0,0.0
1025,0.0,0.0,0.0,0.0
1026,0.0,0.0,0.0,0.0
1027,0.0,0.0,0.0,0.0
1028,0.0,0.0,0.0,0.0
1029,0.0,0.0,0.0,0.0
1030,0.0,0.0,0.0,0.0
1031,0.0,0.0,0.0,0.0
1032,0.0,0.0,0.0,0.0
1033,0.0,0.0,0.0,0.0
1034,0.0,0.0,0.0,0.0
1035,0.0,0.0,0.0,0.0
1036,0.0,0.0,0.0,0.0
1037,0.0,0.0,0.0,0.0
1038,0.0,0.0,0.0,0.0
1039,0.0,0.0,0.0,0.0
1040,0.0,0.0,0.0,0.0
1041,0.0,0.0,0.0,0.0
1042,0.0,0.0,0.0,0.0
1043,0.0,0.0,0.0,0.0
1044,0.0,0.0,0.0,0.0
1045,0.0,0.0,0.0,0.0
1046,0.0,0.0,0.0,0.0
1047,0.0,0.0,0.0,0.0
1048,0.0,0.0,0.0,0.0
1049,0.0,0.0,0.0,0.0
1050,0.0,0.0,0.0,0.0
1051,0.0,0.0,0.0,0.0
1052,0.0,0.0,0.0,0.0
1053,0.0,0.0,0.0,0.0
1054,0.0,0.0,0.0,0.0
1055,0.0,0.0,0.0,0.0
1056,0.0,0.0,0.0,0.0
1057,0.0,0.0,0.0,0.0
1058,0.0,0.0,0.0,0.0
1059,0.0,0.0,0.0,0.0
1060,0.0,0.0,0.0,0.0
1061,0.0,0.0,0.0,0.0
1062,0.0,0.0,0.0,0.0
1063,0.0,0.0,0.0,0.0
1064,0.0,0.0,0.0,0.0
1065,0.0,0.0,0.0,0.0
1066,0.0,0.0,0.0,0.0
1067,0.0,0.0,0.0,0.0
1068,0.0,0.0,0.0,0.0
1069,0.0,0.0,0.0,0.0
1070,0.0,0.0,0.0,0.0
1071,0.0,0.0,0.0,0.0
1072,0.0,0.0,0.0,0.0
1073,0.0,0.0,0.0,0.0
1074,0.0,0.0,0.0,0.0
1075,0.0,0.0,0.0,0.0
1076,0.0,0.0,0.0,0.0
1077,0.0,0.0,0.0,0.0
1078,0.0,0.0,0.0,0.0
1079,0.0,0.0,0.0,0.0
1080,0.0,0.0,0.0,0.0
1081,0.0,0.0,0.0,0.0
1082,0.0,0.0,0.0,0.0
1083,0.0,0.0,0.0,0.0
1084,0.0,0.0,0.0,0.0
1085,0.0,0.0,0.0,0.0
1086,0.0,0.0,0.0,0.0
1087,0.0,0.0,0.0,0.0
1088,0.0,0.0,0.0,0.0
1089,0.0,0.0,0.0,0.0
1090,0.0,0.0,0.0,0.0
1091,0.0,0.0,0.0,0.0
1092,0.0,0.0,0.0,0.0
1093,0.0,0.0,0.0,0.0
1094,0.0,0.0,0.0,0.0
1095,0.0,0.0,0.0,0.0
1096,0.0,0.0,0.0,0.0
1097,0.0,0.0,0.0,0.0
1098,0.0,0.0,0.0,0.0
1099,0.0,0.0,0.0,0.0
1100,0.0,0.0,0.0,0.0
1101,0.0,0.0,0.0,0.0
1102,0.0,0.0,0.0,0.0
1103,0.0,0.0,0.0,0.0
1104,0.0,0.0,0.0,0.0
1105,0.0,0.0,0.0,0.0
1106,0.0,0.0,0.0,0.0
1107,0.0,0.0,0.0,0.0
1108,0.0,0.0,0.0,0.0
1109,0.0,0.0,0.0,0.0
1110,0.0,0.0,0.0,0.0
1111,0.0,0.0,0.0,0.0
1112,0.0,0.0,0.0,0.0
1113,0.0,0.0,0.0,0.0
1114,0.0,0.0,0.0,0.0
1115,0.0,0.0,0.0,0.0
1116,0.0,0.0,0.0,0.0
1117,0.0,0.0,0.0,0.0
1118,0.0,0.0,0.0,0.0
1119,0.0,0.0,0.0,0.0
1120,0.0,0.0,0.0,0.0
1121,0.0,0.0,0.0,0.0
1122,0.0,0.0,0.0,0.0
1123,0.0,0.0,0.0,0.0
1124,0.0,0.0,0.0,0.0
1125,0.0,0.0,0.0,0.0
1126,0.0,0.0,0.0,0.0
1127,0.0,0.0,0.0,0.0
1128,0.0,0.0,0.0,0.0
1129,0.0,0.0,0.0,0.0
1130,0.0,0.0,0.0,0.0
1131,0.0,0.0,0.0,0.0
1132,0.0,0.0,0.0,0.0
1133,0.0,0.0,0.0,0.0
1134,0.0,0.0,0.0,0.0
1135,0.0,0.0,0.0,0.0
1136,0.0,0.0,0.0,0.0
1137,0.0,0.0,0.0,0.0
1138,0.0,0.0,0.0,0.0
1139,0.0,0.0,0.0,0.0
1140,0.0,0.0,0.0,0.0
1141,0.0,0.0,0.0,0.0
1142,0.0,0.0,0.0,0.0
1143,0.0,0.0,0.0,0.0
1144,0.0,0.0,0.0,0.0
1145,0.0,0.0,0.0,0.0
1146,0.0,0.0,0.0,0.0
1147,0.0,0.0,0.0,0.0
1148,0.0,0.0,0.0,0.0
1149,0.0,0.0,0.0,0.0
1150,0.0,0.0,0.0,0.0
1151,0.0,0.0,0.0,0.0
1152,0.0,0.0,0.0,0.0
1153,0.0,0.0,0.0,0.0
1154,0.0,0.0,0.0,0.0
1155,0.0,0.0,0.0,0.0
1156,0.0,0.0,0.0,0.0
1157,0.0,0.0,0.0,0.0
1158,0.0,0.0,0.0,0.0
1159,0.0,0.0,0.0,0.0
1160,0.0,0.0,0.0,0.0
1161,0.0,0.0,0.0,0.0
1162,0.0,0.0,0.0,0.0
1163,0.0,0.0,0.0,0.0
1164,0.0,0.0,0.0,0.0
1165,0.0,0.0,0.0,0.0
1166,0.0,0.0,0.0,0.0
1167,0.0,0.0,0.0,0.0
1168,0.0,0.0,0.0,0.0
1169,0.0,0.0,0.0,0.0
1170,0.0,0.0,0.0,0.0
1171,0.0,0.0,0.0,0.0
1172,0.0,0.0,0.0,0.0
1173,0.0,0.0,0.0,0.0
1174,0.0,0.0,0.0,0.0
1175,0.0,0.0,0.0,0.0
1176,0.0,0.0,0.0,0.0
1177,0.0,0.0,0.0,0.0
1178,0.0,0.0,0.0,0.0
1179,0.0,0.0,0.0,0.0
1180,0.0,0.0,0.0,0.0
1181,0.0,0.0,0.0,0.0
1182,0.0,0.0,0.0,0.0
1183,0.0,0.0,0.0,0.0
1184,0.0,0.0,0.0,0.0
1185,0.0,0.0,0.0,0.0
1186,0.0,0.0,0.0,0.0
1187,0.0,0.0,0.0,0.0
1188,0.0,0.0,0.0,0.0
1189,0.0,0.0,0.0,0.0
1190,0.0,0.0,0.0,0.0
1191,0.0,0.0,0.0,0.0
1192,0.0,0.0,0.0,0.0
1193,0.0,0.0,0.0,0.0
1194,0.0,0.0,0.0,0.0
1195,0.0,0.0,0.0,0.0
1196,0.0,0.0,0.0,0.0
1197,0.0,0.0,0.0,0.0
1198,0.0,0.0,0.0,0.0
1199,0.0,0.0,0.0,0.0
1200,0.0,0.0,0.0,0.0
1201,0.0,0.0,0.0,0.0
1202,0.0,0.0,0.0,0.0
1203,0.0,0.0,0.0,0.0
1204,0.0,0.0,0.0,0.0
1205,0.0,0.0,0.0,0.0
1206,0.0,0.0,0.0,0.0
1207,0.0,0.0,0.0,0.0
1208,0.0,0.0,0.0,0.0
1209,0.0,0.0,0.0,0.0
1210,0.0,0.0,0.0,0.0
1211,0.0,0.0,0.0,0.0
1212,0.0,0.0,0.0,0.0
1213,0.0,0.0,0.0,0.0
1214,0.0,0.0,0.0,0.0
1215,0.0,0.0,0.0,0.0
1216,0.0,0.0,0.0,0.0
1217,0.0,0.0,0.0,0.0
1218,0.0,0.0,0.0,0.0
1219,0.0,0.0,0.0,0.0
1220,0.0,0.0,0.0,0.0
1221,0.0,0.0,0.0,0.0
1222,0.0,0.0,0.0,0.0
1223,0.0,0.0,0.0,0.0
1224,0.0,0.0,0.0,0.0
1225,0.0,0.0,0.0,0.0
1226,0.0,0.0,0.0,0.0
1227,0.0,0.0,0.0,0.0
1228,0.0,0.0,0.0,0.0
1229,0.0,0.0,0.0,0.0
1230,0.0,0.0,0.0,0.0
1231,0.0,0.0,0.0,0.0
1232,0.0,0.0,0.0,0.0
1233,0.0,0.0,0.0,0.0
1234,0.0,0.0,0.0,0.0
1235,0.0,0.0,0.0,0.0
1236,0.0,0.0,0.0,0.0
1237,0.0,0.0,0.0,0.0
1238,0.0,0.0,0.0,0.0
1239,0.0,0.0,0.0,0.0
1240,0.0,0.0,0.0,0.0
1241,0.0,0.0,0.0,0.0
1242,0.0,0.0,0.0,0.0
1243,0.0,0.0,0.0,0.0
1244,0.0,0.0,0.0,0.0
1245,0.0,0.0,0.0,0.0
1246,0.0,0.0,0.0,0.0
1247,0.0,0.0,0.0,0.0
1248,0.0,0.0,0.0,0.0
1249,0.0,0.0,0.0,0.0
1250,0.0,0.0,0.0,0.0
1251,0.0,0.0,0.0,0.0
1252,0.0,0.0,0.0,0.0
1253,0.0,0.0,0.0,0.0
1254,0.0,0.0,0.0,0.0
1255,0.0,0.0,0.0,0.0
1256,0.0,0.0,0.0,0.0
1257,0.0,0.0,0.0,0.0
1258,0.0,0.0,0.0,0.0
1259,0.0,0.0,0.0,0.0
1260,0.0,0.0,0.0,0.0
1261,0.0,0.0,0.0,0.0
1262,0.0,0.0,0.0,0.0
1263,0.0,0.0,0.0,0.0
1264,0.0,0.0,0.0,0.0
1265,0.0,0.0,0.0,0.0
1266,0.0,0.0,0.0,0.0
1267,0.0,0.0,0.0,0.0
1268,0.0,0.0,0.0,0.0
1269,0.0,0.0,0.0,0.0
1270,0.0,0.0,0.0,0.0
1271,0.0,0.0,0.0,0.0
1272,0.0,0.0,0.0,0.0
1273,0.0,0.0,0.0,0.0
1274,0.0,0.0,0.0,0.0
1275,0.0,0.0,0.0,0.0
1276,0.0,0.0,0.0,0.0
1277,0.0,0.0,0.0,0.0
1278,0.0,0.0,0.0,0.0
1279,0.0,0.0,0.0,0.0
1280,0.0,0.0,0.0,0.0
1281,0.0,0.0,0.0,0.0
1282,0.0,0.0,0.0,0.0
1283,0.0,0.0,0.0,0.0
1284,0.0,0.0,0.0,0.0
1285,0.0,0.0,0.0,0.0
1286,0.0,0.0,0.0,0.0
1287,0.0,0.0,0.0,0.0
1288,0.0,0.0,0.0,0.0
1289,0.0,0.0,0.0,0.0
1290,0.0,0.0,0.0,0.0
1291,0.0,0.0,0.0,0.0
1292,0.0,0.0,0.0,0.0
1293,0.0,0.0,0.0,0.0
1294,0.0,0.0,0.0,0.0
1295,0.0,0.0,0.0,0.0
1296,0.0,0.0,0.0,0.0
1297,0.0,0.0,0.0,0.0
1298,0.0,0.0,0.0,0.0
1299,0.0,0.0,0.0,0.0
1300,0.0,0.0,0.0,0.0
1301,0.0,0.0,0.0,0.0
1302,0.0,0.0,0.0,0.0
1303,0.0,0.0,0.0,0.0
1304,0.0,0.0,0.0,0.0
1305,0.0,0.0,0.0,0.0
1306,0.0,0.0,0.0,0.0
1307,0.0,0.0,0.0,0.0
1308,0.0,0.0,0.0,0.0
1309,0.0,0.0,0.0,0.0
1310,0.0,0.0,0.0,0.0
1311,0.0,0.0,0.0,0.0
1312,0.0,0.0,0.0,0.0
1313,0.0,0.0,0.0,0.0
1314,0.0,0.0,0.0,0.0
1315,0.0,0.0,0.0,0.0
1316,0.0,0.0,0.0,0.0
1317,0.0,0.0,0.0,0.0
1318,0.0,0.0,0.0,0.0
1319,0.0,0.0,0.0,0.0
1320,0.0,0.0,0.0,0.0
1321,0.0,0.0,0.0,0.0
1322,0.0,0.0,0.0,0.0
1323,0.0,0.0,0.0,0.0
1324,0.0,0.0,0.0,0.0
1325,0.0,0.0,0.0,0.0
1326,0.0,0.0,0.0,0.0
1327,0.0,0.0,0.0,0.0
1328,0.0,0.0,0.0,0.0
1329,0.0,0.0,0.0,0.0
1330,0.0,0.0,0.0,0.0
1331,0.0,0.0,0.0,0.0
1332,0.0,0.0,0.0,0.0
1333,0.0,0.0,0.0,0.0
1334,0.0,0.0,0.0,0.0
1335,0.0,0.0,0.0,0.0
1336,0.0,0.0,0.0,0.0
1337,0.0,0.0,0.0,0.0
1338,0.0,0.0,0.0,0.0
1339,0.0,0.0,0.0,0.0
1340,0.0,0.0,0.0,0.0
1341,0.0,0.0,0.0,0.0
1342,0.0,0.0,0.0,0.0
1343,0.0,0.0,0.0,0.0
1344,0.0,0.0,0.0,0.0
1345,0.0,0.0,0.0,0.0
1346,0.0,0.0,0.0,0.0
1347,0.0,0.0,0.0,0.0
1348,0.0,0.0,0.0,0.0
1349,0.0,0.0,0.0,0.0
1350,0.0,0.0,0.0,0.0
1351,0.0,0.0,0.0,0.0
1352,0.0,0.0,0.0,0.0
1353,0.0,0.0,0.0,0.0
1354,0.0,0.0,0.0,0.0
1355,0.0,0.0,0.0,0.0
1356,0.0,0.0,0.0,0.0
1357,0.0,0.0,0.0,0.0
1358,0.0,0.0,0.0,0.0
1359,0.0,0.0,0.0,0.0
1360,0.0,0.0,0.0,0.0
1361,0.0,0.0,0.0,0.0
1362,0.0,0.0,0.0,0.0
1363,0.0,0.0,0.0,0.0
1364,0.0,0.0,0.0,0.0
1365,0.0,0.0,0.0,0.0
1366,0.0,0.0,0.0,0.0
1367,0.0,0.0,0.0,0.0
1368,0.0,0.0,0.0,0.0
1369,0.0,0.0,0.0,0.0
1370,0.0,0.0,0.0,0.0
1371,0.0,0.0,0.0,0.0
1372,0.0,0.0,0.0,0.0
1373,0.0,0.0,0.0,0.0
1374,0.0,0.0,0.0,0.0
1375,0.0,0.0,0.0,0.0
1376,0.0,0.0,0.0,0.0
1377,0.0,0.0,0.0,0.0
1378,0.0,0.0,0.0,0.0
1379,0.0,0.0,0.0,0.0
1380,0.0,0.0,0.0,0.0
1381,0.0,0.0,0.0,0.0
1382,0.0,0.0,0.0,0.0
1383,0.0,0.0,0.0,0.0
1384,0.0,0.0,0.0,0.0
1385,0.0,0.0,0.0,0.0
1386,0.0,0.0,0.0,0.0
1387,0.0,0.0,0.0,0.0
1388,0.0,0.0,0.0,0.0
1389,0.0,0.0,0.0,0.0
1390,0.0,0.0,0.0,0.0
1391,0.0,0.0,0.0,0.0
1392,0.0,0.0,0.0,0.0
1393,0.0,0.0,0.0,0.0
1394,0.0,0.0,0.0,0.0
1395,0.0,0.0,0.0,0.0
1396,0.0,0.0,0.0,0.0
1397,0.0,0.0,0.0,0.0
1398,0.0,0.0,0.0,0.0
1399,0.0,0.0,0.0,0.0
1400,0.0,0.0,0.0,0.0
1401,0.0,0.0,0.0,0.0
1402,0.0,0.0,0.0,0.0
1403,0.0,0.0,0.0,0.0
1404,0.0,0.0,0.0,0.0
1405,0.0,0.0,0.0,0.0
1406,0.0,0.0,0.0,0.0
1407,0.0,0.0,0.0,0.0
1408,0.0,0.0,0.0,0.0
1409,0.0,0.0,0.0,0.0
1410,0.0,0.0,0.0,0.0
1411,0.0,0.0,0.0,0.0
1412,0.0,0.0,0.0,0.0
1413,0.0,0.0,0.0,0.0
1414,0.0,0.0,0.0,0.0
1415,0.0,0.0,0.0,0.0
1416,0.0,0.0,0.0,0.0
1417,0.0,0.0,0.0,0.0
1418,0.0,0.0,0.0,0.0
1419,0.0,0.0,0.0,0.0
1420,0.0,0.0,0.0,0.0
1421,0.0,0.0,0.0,0.0
1422,0.0,0.0,0.0,0.0
1423,0.0,0.0,0.0,0.0
1424,0.0,0.0,0.0,0.0
1425,0.0,0.0,0.0,0.0
1426,0.0,0.0,0.0,0.0
1427,0.0,0.0,0.0,0.0
1428,0.0,0.0,0.0,0.0
1429,0.0,0.0,0.0,0.0
1430,0.0,0.0,0.0,0.0
1431,0.0,0.0,0.0,0.0
1432,0.0,0.0,0.0,0.0
1433,0.0,0.0,0.0,0.0
1434,0.0,0.0,0.0,0.0
1435,0.0,0.0,0.0,0.0
1436,0.0,0.0,0.0,0.0
1437,0.0,0.0,0.0,0.0
1438,0.0,0.0,0.0,0.0
1439,0.0,0.0,0.0,0.0
1440,0.0,0.0,0.0,0.0
1441,0.0,0.0,0.0,0.0
1442,0.0,0.0,0.0,0.0
1443,0.0,0.0,0.0,0.0
1444,0.0,0.0,0.0,0.0
1445,0.0,0.0,0.0,0.0
1446,0.0,0.0,0.0,0.0
1447,0.0,0.0,0.0,0.0
1448,0.0,0.0,0.0,0.0
1449,0.0,0.0,0.0,0.0
1450,0.0,0.0,0.0,0.0
1451,0.0,0.0,0.0,0.0
1452,0.0,0.0,0.0,0.0
1453,0.0,0.0,0.0,0.0
1454,0.0,0.0,0.0,0.0
1455,0.0,0.0,0.0,0.0
1456,0.0,0.0,0.0,0.0
1457,0.0,0.0,0.0,0.0
1458,0.0,0.0,0.0,0.0
1459,0.0,0.0,0.0,0.0
1460,0.0,0.0,0.0,0.0
1461,0.0,0.0,0.0,0.0
1462,0.0,0.0,0.0,0.0
1463,0.0,0.0,0.0,0.0
1464,0.0,0.0,0.0,0.0
1465,0.0,0.0,0.0,0.0
1466,0.0,0.0,0.0,0.0
1467,0.0,0.0,0.0,0.0
1468,0.0,0.0,0.0,0.0
1469,0.0,0.0,0.0,0.0
1470,0.0,0.0,0.0,0.0
1471,0.0,0.0,0.0,0.0
1472,0.0,0.0,0.0,0.0
1473,0.0,0.0,0.0,0.0
1474,0.0,0.0,0.0,0.0
1475,0.0,0.0,0.0,0.0
1476,0.0,0.0,0.0,0.0
1477,0.0,0.0,0.0,0.0
1478,0.0,0.0,0.0,0.0
1479,0.0,0.0,0.0,0.0
1480,0.0,0.0,0.0,0.0
1481,0.0,0.0,0.0,0.0
1482,0.0,0.0,0.0,0.0
1483,0.0,0.0,0.0,0.0
1484,0.0,0.0,0.0,0.0
1485,0.0,0.0,0.0,0.0
1486,0.0,0.0,0.0,0.0
1487,0.0,0.0,0.0,0.0
1488,0.0,0.0,0.0,0.0
1489,0.0,0.0,0.0,0.0
1490,0.0,0.0,0.0,0.0
1491,0.0,0.0,0.0,0.0
1492,0.0,0.0,0.0,0.0
1493,0.0,0.0,0.0,0.0
1494,0.0,0.0,0.0,0.0
1495,0.0,0.0,0.0,0.0
1496,0.0,0.0,0.0,0.0
1497,0.0,0.0,0.0,0.0
1498,0.0,0.0,0.0,0.0
1499,0.0,0.0,0.0,0.0
1500,0.0,0.0,0.0,0.0
1501,0.0,0.0,0.0,0.0
1502,0.0,0.0,0.0,0.0
1503,0.0,0.0,0.0,0.0
1504,0.0,0.0,0.0,0.0
1505,0.0,0.0,0.0,0.0
1506,0.0,0.0,0.0,0.0
1507,0.0,0.0,0.0,0.0
1508,0.0,0.0,0.0,0.0
1509,0.0,0.0,0.0,0.0
1510,0.0,0.0,0.0,0.0
1511,0.0,0.0,0.0,0.0
1512,0.0,0.0,0.0,0.0
1513,0.0,0.0,0.0,0.0
1514,0.0,0.0,0.0,0.0
1515,0.0,0.0,0.0,0.0
1516,0.0,0.0,0.0,0.0
1517,0.0,0.0,0.0,0.0
1518,0.0,0.0,0.0,0.0
1519,0.0,0.0,0.0,0.0
1520,0.0,0.0,0.0,0.0
1521,0.0,0.0,0.0,0.0
1522,0.0,0.0,0.0,0.0
1523,0.0,0.0,0.0,0.0
1524,0.0,0.0,0.0,0.0
1525,0.0,0.0,0.0,0.0
1526,0.0,0.0,0.0,0.0
1527,0.0,0.0,0.0,0.0
1528,0.0,0.0,0.0,0.0
1529,0.0,0.0,0.0,0.0
1530,0.0,0.0,0.0,0.0
1531,0.0,0.0,0.0,0.0
1532,0.0,0.0,0.0,0.0
1533,0.0,0.0,0.0,0.0
1534,0.0,0.0,0.0,0.0
1535,0.0,0.0,0.0,0.0
1536,0.0,0.0,0.0,0.0
1537,0.0,0.0,0.0,0.0
1538,0.0,0.0,0.0,0.0
1539,0.0,0.0,0.0,0.0
1540,0.0,0.0,0.0,0.0
1541,0.0,0.0,0.0,0.0
1542,0.0,0.0,0.0,0.0
1543,0.0,0.0,0.0,0.0
1544,0.0,0.0,0.0,0.0
1545,0.0,0.0,0.0,0.0
1546,0.0,0.0,0.0,0.0
1547,0.0,0.0,0.0,0.0
1548,0.0,0.0,0.0,0.0
1549,0.0,0.0,0.0,0.0
1550,0.0,0.0,0.0,0.0
1551,0.0,0.0,0.0,0.0
1552,0.0,0.0,0.0,0.0
1553,0.0,0.0,0.0,0.0
1554,0.0,0.0,0.0,0.0
1555,0.0,0.0,0.0,0.0
1556,0.0,0.0,0.0,0.0
1557,0.0,0.0,0.0,0.0
1558,0.0,0.0,0.0,0.0
1559,0.0,0.0,0.0,0.0
1560,0.0,0.0,0.0,0.0
1561,0.0,0.0,0.0,0.0
1562,0.0,0.0,0.0,0.0
1563,0.0,0.0,0.0,0.0
1564,0.0,0.0,0.0,0.0
1565,0.0,0.0,0.0,0.0
1566,0.0,0.0,0.0,0.0
1567,0.0,0.0,0.0,0.0
1568,0.0,0.0,0.0,0.0
1569,0.0,0.0,0.0,0.0
1570,0.0,0.0,0.0,0.0
1571,0.0,0.0,0.0,0.0
1572,0.0,0.0,0.0,0.0
1573,0.0,0.0,0.0,0.0
1574,0.0,0.0,0.0,0.0
1575,0.0,0.0,0.0,0.0
1576,0.0,0.0,0.0,0.0
1577,0.0,0.0,0.0,0.0
1578,0.0,0.0,0.0,0.0
1579,0.0,0.0,0.0,0.0
1580,0.0,0.0,0.0,0.0
1581,0.0,0.0,0.0,0.0
1582,0.0,0.0,0.0,0.0
1583,0.0,0.0,0.0,0.0
1584,0.0,0.0,0.0,0.0
1585,0.0,0.0,0.0,0.0
1586,0.0,0.0,0.0,0.0
1587,0.0,0.0,0.0,0.0
1588,0.0,0.0,0.0,0.0
1589,0.0,0.0,0.0,0.0
1590,0.0,0.0,0.0,0.0
1591,0.0,0.0,0.0,0.0
1592,0.0,0.0,0.0,0.0
1593,0.0,0.0,0.0,0.0
1594,0.0,0.0,0.0,0.0
1595,0.0,0.0,0.0,0.0
1596,0.0,0.0,0.0,0.0
1597,0.0,0.0,0.0,0.0
1598,0.0,0.0,0.0,0.0
1599,0.0,0.0,0.0,0.0
1600,0.0,0.0,0.0,0.0
1601,0.0,0.0,0.0,0.0
1602,0.0,0.0,0.0,0.0
1603,0.0,0.0,0.0,0.0
1604,0.0,0.0,0.0,0.0
1605,0.0,0.0,0.0,0.0
1606,0.0,0.0,0.0,0.0
1607,0.0,0.0,0.0,0.0
1608,0.0,0.0,0.0,0.0
1609,0.0,0.0,0.0,0.0
1610,0.0,0.0,0.0,0.0
1611,0.0,0.0,0.0,0.0
1612,0.0,0.0,0.0,0.0
1613,0.0,0.0,0.0,0.0
1614,0.0,0.0,0.0,0.0
1615,0.0,0.0,0.0,0.0
1616,0.0,0.0,0.0,0.0
1617,0.0,0.0,0.0,0.0
1618,0.0,0.0,0.0,0.0
1619,0.0,0.0,0.0,0.0
1620,0.0,0.0,0.0,0.0
1621,0.0,0.0,0.0,0.0
1622,0.0,0.0,0.0,0.0
1623,0.0,0.0,0.0,0.0
1624,0.0,0.0,0.0,0.0
1625,0.0,0.0,0.0,0.0
1626,0.0,0.0,0.0,0.0
1627,0.0,0.0,0.0,0.0
1628,0.0,0.0,0.0,0.0
1629,0.0,0.0,0.0,0.0
1630,0.0,0.0,0.0,0.0
1631,0.0,0.0,0.0,0.0
1632,0.0,0.0,0.0,0.0
1633,0.0,0.0,0.0,0.0
1634,0.0,0.0,0.0,0.0
1635,0.0,0.0,0.0,0.0
1636,0.0,0.0,0.0,0.0
1637,0.0,0.0,0.0,0.0
1638,0.0,0.0,0.0,0.0
1639,0.0,0.0,0.0,0.0
1640,0.0,0.0,0.0,0.0
1641,0.0,0.0,0.0,0.0
1642,0.0,0.0,0.0,0.0
1643,0.0,0.0,0.0,0.0
1644,0.0,0.0,0.0,0.0
1645,0.0,0.0,0.0,0.0
1646,0.0,0.0,0.0,0.0
1647,0.0,0.0,0.0,0.0
1648,0.0,0.0,0.0,0.0
1649,0.0,0.0,0.0,0.0
1650,0.0,0.0,0.0,0.0
1651,0.0,0.0,0.0,0.0
1652,0.0,0.0,0.0,0.0
1653,0.0,0.0,0.0,0.0
1654,0.0,0.0,0.0,0.0
1655,0.0,0.0,0.0,0.0
1656,0.0,0.0,0.0,0.0
1657,0.0,0.0,0.0,0.0
1658,0.0,0.0,0.0,0.0
1659,0.0,0.0,0.0,0.0
1660,0.0,0.0,0.0,0.0
1661,0.0,0.0,0.0,0.0
1662,0.0,0.0,0.0,0.0
1663,0.0,0.0,0.0,0.0
1664,0.0,0.0,0.0,0.0
1665,0.0,0.0,0.0,0.0
1666,0.0,0.0,0.0,0.0
1667,0.0,0.0,0.0,0.0
1668,0.0,0.0,0.0,0.0
1669,0.0,0.0,0.0,0.0
1670,0.0,0.0,0.0,0.0
1671,0.0,0.0,0.0,0.0
1672,0.0,0.0,0.0,0.0
1673,0.0,0.0,0.0,0.0
1674,0.0,0.0,0.0,0.0
1675,0.0,0.0,0.0,0.0
1676,0.0,0.0,0.0,0.0
1677,0.0,0.0,0.0,0.0
1678,0.0,0.0,0.0,0.0
1679,0.0,0.0,0.0,0.0
1680,0.0,0.0,0.0,0.0
1681,0.0,0.0,0.0,0.0
1682,0.0,0.0,0.0,0.0
1683,0.0,0.0,0.0,0.0
1684,0.0,0.0,0.0,0.0
1685,0.0,0.0,0.0,0.0
1686,0.0,0.0,0.0,0.0
1687,0.0,0.0,0.0,0.0
1688,0.0,0.0,0.0,0.0
1689,0.0,0.0,0.0,0.0
1690,0.0,0.0,0.0,0.0
1691,0.0,0.0,0.0,0.0
1692,0.0,0.0,0.0,0.0
1693,0.0,0.0,0.0,0.0
1694,0.0,0.0,0.0,0.0
1695,0.0,0.0,0.0,0.0
1696,0.0,0.0,0.0,0.0
1697,0.0,0.0,0.0,0.0
1698,0.0,0.0,0.0,0.0
1699,0.0,0.0,0.0,0.0
1700,0.0,0.0,0.0,0.0
1701,0.0,0.0,0.0,0.0
1702,0.0,0.0,0.0,0.0
1703,0.0,0.0,0.0,0.0
1704,0.0,0.0,0.0,0.0
1705,0.0,0.0,0.0,0.0
1706,0.0,0.0,0.0,0.0
1707,0.0,0.0,0.0,0.0
1708,0.0,0.0,0.0,0.0
1709,0.0,0.0,0.0,0.0
1710,0.0,0.0,0.0,0.0
1711,0.0,0.0,0.0,0.0
1712,0.0,0.0,0.0,0.0
1713,0.0,0.0,0.0,0.0
1714,0.0,0.0,0.0,0.0
1715,0.0,0.0,0.0,0.0
1716,0.0,0.0,0.0,0.0
1717,0.0,0.0,0.0,0.0
1718,0.0,0.0,0.0,0.0
1719,0.0,0.0,0.0,0.0
1720,0.0,0.0,0.0,0.0
1721,0.0,0.0,0.0,0.0
1722,0.0,0.0,0.0,0.0
1723,0.0,0.0,0.0,0.0
1724,0.0,0.0,0.0,0.0
1725,0.0,0.0,0.0,0.0
1726,0.0,0.0,0.0,0.0
1727,0.0,0.0,0.0,0.0
1728,0.0,0.0,0.0,0.0
1729,0.0,0.0,0.0,0.0
1730,0.0,0.0,0.0,0.0
1731,0.0,0.0,0.0,0.0
1732,0.0,0.0,0.0,0.0
1733,0.0,0.0,0.0,0.0
1734,0.0,0.0,0.0,0.0
1735,0.0,0.0,0.0,0.0
1736,0.0,0.0,0.0,0.0
1737,0.0,0.0,0.0,0.0
1738,0.0,0.0,0.0,0.0
1739,0.0,0.0,0.0,0.0
1740,0.0,0.0,0.0,0.0
1741,0.0,0.0,0.0,0.0
1742,0.0,0.0,0.0,0.0
1743,0.0,0.0,0.0,0.0
1744,0.0,0.0,0.0,0.0
1745,0.0,0.0,0.0,0.0
1746,0.0,0.0,0.0,0.0
1747,0.0,0.0,0.0,0.0
1748,0.0,0.0,0.0,0.0
1749,0.0,0.0,0.0,0.0
1750,0.0,0.0,0.0,0.0
1751,0.0,0.0,0.0,0.0
1752,0.0,0.0,0.0,0.0
1753,0.0,0.0,0.0,0.0
1754,0.0,0.0,0.0,0.0
1755,0.0,0.0,0.0,0.0
1756,0.0,0.0,0.0,0.0
1757,0.0,0.0,0.0,0.0
1758,0.0,0.0,0.0,0.0
1759,0.0,0.0,0.0,0.0
1760,0.0,0.0,0.0,0.0
1761,0.0,0.0,0.0,0.0
1762,0.0,0.0,0.0,0.0
1763,0.0,0.0,0.0,0.0
1764,0.0,0.0,0.0,0.0
1765,0.0,0.0,0.0,0.0
1766,0.0,0.0,0.0,0.0
1767,0.0,0.0,0.0,0.0
1768,0.0,0.0,0.0,0.0
1769,0.0,0.0,0.0,0.0
1770,0.0,0.0,0.0,0.0
1771,0.0,0.0,0.0,0.0
1772,0.0,0.0,0.0,0.0
1773,0.0,0.0,0.0,0.0
1774,0.0,0.0,0.0,0.0
1775,0.0,0.0,0.0,0.0
1776,0.0,0.0,0.0,0.0
1777,0.0,0.0,0.0,0.0
1778,0.0,0.0,0.0,0.0
1779,0.0,0.0,0.0,0.0
1780,0.0,0.0,0.0,0.0
1781,0.0,0.0,0.0,0.0
1782,0.0,0.0,0.0,0.0
1783,0.0,0.0,0.0,0.0
1784,0.0,0.0,0.0,0.0
1785,0.0,0.0,0.0,0.0
1786,0.0,0.0,0.0,0.0
1787,0.0,0.0,0.0,0.0
1788,0.0,0.0,0.0,0.0
1789,0.0,0.0,0.0,0.0
1790,0.0,0.0,0.0,0.0
1791,0.0,0.0,0.0,0.0
1792,0.0,0.0,0.0,0.0
1793,0.0,0.0,0.0,0.0
1794,0.0,0.0,0.0,0.0
1795,0.0,0.0,0.0,0.0
1796,0.0,0.0,0.0,0.0
1797,0.0,0.0,0.0,0.0
1798,0.0,0.0,0.0,0.0
1799,0.0,0.0,0.0,0.0
1800,0.0,0.0,0.0,0.0
1801,0.0,0.0,0.0,0.0
1802,0.0,0.0,0.0,0.0
1803,0.0,0.0,0.0,0.0
1804,0.0,0.0,0.0,0.0
1805,0.0,0.0,0.0,0.0
1806,0.0,0.0,0.0,0.0
1807,0.0,0.0,0.0,0.0
1808,0.0,0.0,0.0,0.0
1809,0.0,0.0,0.0,0.0
1810,0.0,0.0,0.0,0.0
1811,0.0,0.0,0.0,0.0
1812,0.0,0.0,0.0,0.0
1813,0.0,0.0,0.0,0.0
1814,0.0,0.0,0.0,0.0
1815,0.0,0.0,0.0,0.0
1816,0.0,0.0,0.0,0.0
1817,0.0,0.0,0.0,0.0
1818,0.0,0.0,0.0,0.0
1819,0.0,0.0,0.0,0.0
1820,0.0,0.0,0.0,0.0
1821,0.0,0.0,0.0,0.0
1822,0.0,0.0,0.0,0.0
1823,0.0,0.0,0.0,0.0
1824,0.0,0.0,0.0,0.0
1825,0.0,0.0,0.0,0.0
1826,0.0,0.0,0.0,0.0
1827,0.0,0.0,0.0,0.0
1828,0.0,0.0,0.0,0.0
1829,0.0,0.0,0.0,0.0
1830,0.0,0.0,0.0,0.0
1831,0.0,0.0,0.0,0.0
1832,0.0,0.0,0.0,0.0
1833,0.0,0.0,0.0,0.0
1834,0.0,0.0,0.0,0.0
1835,0.0,0.0,0.0,0.0
1836,0.0,0.0,0.0,0.0
1837,0.0,0.0,0.0,0.0
1838,0.0,0.0,0.0,0.0
1839,0.0,0.0,0.0,0.0
1840,0.0,0.0,0.0,0.0
1841,0.0,0.0,0.0,0.0
1842,0.0,0.0,0.0,0.0
1843,0.0,0.0,0.0,0.0
1844,0.0,0.0,0.0,0.0
1845,0.0,0.0,0.0,0.0
1846,0.0,0.0,0.0,0.0
1847,0.0,0.0,0.0,0.0
1848,0.0,0.0,0.0,0.0
1849,0.0,0.0,0.0,0.0
1850,0.0,0.0,0.0,0.0
1851,0.0,0.0,0.0,0.0
1852,0.0,0.0,0.0,0.0
1853,0.0,0.0,0.0,0.0
1854,0.0,0.0,0.0,0.0
1855,0.0,0.0,0.0,0.0
1856,0.0,0.0,0.0,0.0
1857,0.0,0.0,0.0,0.0
1858,0.0,0.0,0.0,0.0
1859,0.0,0.0,0.0,0.0
1860,0.0,0.0,0.0,0.0
1861,0.0,0.0,0.0,0.0
1862,0.0,0.0,0.0,0.0
1863,0.0,0.0,0.0,0.0
1864,0.0,0.0,0.0,0.0
1865,0.0,0.0,0.0,0.0
1866,0.0,0.0,0.0,0.0
1867,0.0,0.0,0.0,0.0
1868,0.0,0.0,0.0,0.0
1869,0.0,0.0,0.0,0.0
1870,0.0,0.0,0.0,0.0
1871,0.0,0.0,0.0,0.0
1872,0.0,0.0,0.0,0.0
1873,0.0,0.0,0.0,0.0
1874,0.0,0.0,0.0,0.0
1875,0.0,0.0,0.0,0.0
1876,0.0,0.0,0.0,0.0
1877,0.0,0.0,0.0,0.0
1878,0.0,0.0,0.0,0.0
1879,0.0,0.0,0.0,0.0
1880,0.0,0.0,0.0,0.0
1881,0.0,0.0,0.0,0.0
1882,0.0,0.0,0.0,0.0
1883,0.0,0.0,0.0,0.0
1884,0.0,0.0,0.0,0.0
1885,0.0,0.0,0.0,0.0
1886,0.0,0.0,0.0,0.0
1887,0.0,0.0,0.0,0.0
1888,0.0,0.0,0.0,0.0
1889,0.0,0.0,0.0,0.0
1890,0.0,0.0,0.0,0.0
1891,0.0,0.0,0.0,0.0
1892,0.0,0.0,0.0,0.0
1893,0.0,0.0,0.0,0.0
1894,0.0,0.0,0.0,0.0
1895,0.0,0.0,0.0,0.0
1896,0.0,0.0,0.0,0.0
1897,0.0,0.0,0.0,0.0
1898,0.0,0.0,0.0,0.0
1899,0.0,0.0,0.0,0.0
1900,0.0,0.0,0.0,0.0
1901,0.0,0.0,0.0,0.0
1902,0.0,0.0,0.0,0.0
1903,0.0,0.0,0.0,0.0
1904,0.0,0.0,0.0,0.0
1905,0.0,0.0,0.0,0.0
1906,0.0,0.0,0.0,0.0
1907,0.0,0.0,0.0,0.0
1908,0.0,0.0,0.0,0.0
1909,0.0,0.0,0.0,0.0
1910,0.0,0.0,0.0,0.0
1911,0.0,0.0,0.0,0.0
1912,0.0,0.0,0.0,0.0
1913,0.0,0.0,0.0,0.0
1914,0.0,0.0,0.0,0.0
1915,0.0,0.0,0.0,0.0
1916,0.0,0.0,0.0,0.0
1917,0.0,0.0,0.0,0.0
1918,0.0,0.0,0.0,0.0
1919,0.0,0.0,0.0,0.0
1920,0.0,0.0,0.0,0.0
1921,0.0,0.0,0.0,0.0
1922,0.0,0.0,0.0,0.0
1923,0.0,0.0,0.0,0.0
1924,0.0,0.0,0.0,0.0
1925,0.0,0.0,0.0,0.0
1926,0.0,0.0,0.0,0.0
1927,0.0,0.0,0.0,0.0
1928,0.0,0.0,0.0,0.0
1929,0.0,0.0,0.0,0.0
1930,0.0,0.0,0.0,0.0
1931,0.0,0.0,0.0,0.0
1932,0.0,0.0,0.0,0.0
1933,0.0,0.0,0.0,0.0
1934,0.0,0.0,0.0,0.0
1935,0.0,0.0,0.0,0.0
1936,0.0,0.0,0.0,0.0
1937,0.0,0.0,0.0,0.0
1938,0.0,0.0,0.0,0.0
1939,0.0,0.0,0.0,0.0
1940,0.0,0.0,0.0,0.0
1941,0.0,0.0,0.0,0.0
1942,0.0,0.0,0.0,0.0
1943,0.0,0.0,0.0,0.0
1944,0.0,0.0,0.0,0.0
1945,0.0,0.0,0.0,0.0
1946,0.0,0.0,0.0,0.0
1947,0.0,0.0,0.0,0.0
1948,0.0,0.0,0.0,0.0
1949,0.0,0.0,0.0,0.0
1950,0.0,0.0,0.0,0.0
1951,0.0,0.0,0.0,0.0
1952,0.0,0.0,0.0,0.0
1953,0.0,0.0,0.0,0.0
1954,0.0,0.0,0.0,0.0
1955,0.0,0.0,0.0,0.0
1956,0.0,0.0,0.0,0.0
1957,0.0,0.0,0.0,0.0
1958,0.0,0.0,0.0,0.0
1959,0.0,0.0,0.0,0.0
1960,0.0,0.0,0.0,0.0
1961,0.0,0.0,0.0,0.0
1962,0.0,0.0,0.0,0.0
1963,0.0,0.0,0.0,0.0
1964,0.0,0.0,0.0,0.0
1965,0.0,0.0,0.0,0.0
1966,0.0,0.0,0.0,0.0
1967,0.0,0.0,0.0,0.0
1968,0.0,0.0,0.0,0.0
1969,0.0,0.0,0.0,0.0
1970,0.0,0.0,0.0,0.0
1971,0.0,0.0,0.0,0.0
1972,0.0,0.0,0.0,0.0
1973,0.0,0.0,0.0,0.0
1974,0.0,0.0,0.0,0.0
1975,0.0,0.0,0.0,0.0
1976,0.0,0.0,0.0,0.0
1977,0.0,0.0,0.0,0.0
1978,0.0,0.0,0.0,0.0
1979,0.0,0.0,0.0,0.0
1980,0.0,0.0,0.0,0.0
1981,0.0,0.0,0.0,0.0
1982,0.0,0.0,0.0,0.0
1983,0.0,0.0,0.0,0.0
1984,0.0,0.0,0.0,0.0
1985,0.0,0.0,0.0,0.0
1986,0.0,0.0,0.0,0.0
1987,0.0,0.0,0.0,0.0
1988,0.0,0.0,0.0,0.0
1989,0.0,0.0,0.0,0.0
1990,0.0,0.0,0.0,0.0
1991,0.0,0.0,0.0,0.0
1992,0.0,0.0,0.0,0.0
1993,0.0,0.0,0.0,0.0
1994,0.0,0.0,0.0,0.0
1995,0.0,0.0,0.0,0.0
1996,0.0,0.0,0.0,0.0
1997,0.0,0.0,0.0,0.0
1998,0.0,0.0,0.0,0.0
1999,0.0,0.0,0.0,0.0
