Male,Age,Debt,YearsEmployed,PriorDefault,Employed,CreditScore,DriversLicense,Income,Approved
1.0,30.83,0.0,1.25,1,1,1,0,0,1
0.0,58.67,4.46,3.04,1,1,6,0,560,1
0.0,24.5,0.5,1.5,1,0,0,0,824,1
1.0,27.83,1.54,3.75,1,1,5,1,3,1
1.0,20.17,5.625,1.71,1,0,0,0,0,1
1.0,32.08,4.0,2.5,1,0,0,1,0,1
1.0,33.17,1.04,6.5,1,0,0,1,31285,1
0.0,22.92,11.585,0.04,1,0,0,0,1349,1
1.0,54.42,0.5,3.96,1,0,0,0,314,1
1.0,42.5,4.915,3.165,1,0,0,1,1442,1
1.0,22.08,0.83,2.165,0,0,0,1,0,1
1.0,29.92,1.835,4.335,1,0,0,0,200,1
0.0,38.25,6.0,1.0,1,0,0,1,0,1
1.0,48.08,6.04,0.04,0,0,0,0,2690,1
0.0,45.83,10.5,5.0,1,1,7,1,0,1
1.0,36.67,4.415,0.25,1,1,10,1,0,1
1.0,28.25,0.875,0.96,1,1,3,1,0,1
0.0,23.25,5.875,3.17,1,1,10,0,245,1
1.0,21.83,0.25,0.665,1,0,0,1,0,1
0.0,19.17,8.585,0.75,1,1,7,0,0,1
1.0,25.0,11.25,2.5,1,1,17,0,1208,1
1.0,23.25,1.0,0.835,1,0,0,0,0,1
0.0,47.75,8.0,7.875,1,1,6,1,1260,1
0.0,27.42,14.5,3.085,1,1,1,0,11,1
0.0,41.17,6.5,0.5,1,1,3,1,0,1
0.0,15.83,0.585,1.5,1,1,2,0,0,1
0.0,47.0,13.0,5.165,1,1,9,1,0,1
1.0,56.58,18.5,15.0,1,1,17,1,0,1
1.0,57.42,8.5,7.0,1,1,3,0,0,1
1.0,42.08,1.04,5.0,1,1,6,1,10000,1
1.0,29.25,14.79,5.04,1,1,5,1,0,1
1.0,42.0,9.79,7.96,1,1,8,0,0,1
1.0,49.5,7.585,7.585,1,1,15,1,5000,1
0.0,36.75,5.125,5.0,1,0,0,1,4000,1
0.0,22.58,10.75,0.415,1,1,5,1,560,1
1.0,27.83,1.5,2.0,1,1,11,1,35,1
1.0,27.25,1.585,1.835,1,1,12,1,713,1
0.0,23.0,11.75,0.5,1,1,2,1,551,1
1.0,27.75,0.585,0.25,1,1,2,0,500,1
1.0,54.58,9.415,14.415,1,1,11,1,300,1
1.0,34.17,9.17,4.5,1,1,12,1,221,1
1.0,28.92,15.0,5.335,1,1,11,0,2283,1
1.0,29.67,1.415,0.75,1,1,1,0,100,1
1.0,39.58,13.915,8.625,1,1,6,1,0,1
1.0,56.42,28.0,28.5,1,1,40,0,15,1
1.0,54.33,6.75,2.625,1,1,11,1,284,1
0.0,41.0,2.04,0.125,1,1,23,1,1236,1
1.0,31.92,4.46,6.04,1,1,3,0,300,1
1.0,41.5,1.54,3.5,0,0,0,0,0,1
1.0,23.92,0.665,0.165,0,0,0,0,0,1
0.0,25.75,0.5,0.875,1,0,0,1,0,1
1.0,26.0,1.0,1.75,1,0,0,1,0,1
1.0,37.42,2.04,0.04,1,0,0,1,5800,1
1.0,34.92,2.5,0.0,1,0,0,1,200,1
1.0,34.25,3.0,7.415,1,0,0,1,0,1
1.0,23.33,11.625,0.835,1,0,0,1,300,1
1.0,23.17,0.0,0.085,1,0,0,0,0,1
1.0,44.33,0.5,5.0,1,0,0,1,0,1
1.0,35.17,4.5,5.75,0,0,0,1,0,1
1.0,43.25,3.0,6.0,1,1,11,0,0,1
1.0,56.75,12.25,1.25,1,1,4,1,0,1
1.0,31.67,16.165,3.0,1,1,9,0,730,1
0.0,23.42,0.79,1.5,1,1,2,1,400,1
0.0,20.42,0.835,1.585,1,1,1,0,0,1
1.0,26.67,4.25,4.29,1,1,1,1,0,1
1.0,34.17,1.54,1.54,1,1,1,1,50000,1
0.0,36.0,1.0,2.0,1,1,11,0,456,1
1.0,25.5,0.375,0.25,1,1,3,0,15108,1
1.0,19.42,6.5,1.46,1,1,7,0,2954,1
1.0,35.17,25.125,1.625,1,1,1,1,500,1
1.0,32.33,7.5,1.585,1,0,0,1,0,0
1.0,34.83,4.0,12.5,1,0,0,1,0,0
0.0,38.58,5.0,13.5,1,0,0,1,0,0
1.0,44.25,0.5,10.75,1,0,0,0,0,0
1.0,44.83,7.0,1.625,0,0,0,0,2,0
1.0,20.67,5.29,0.375,1,1,1,0,0,0
1.0,34.08,6.5,0.125,1,0,0,1,0,0
0.0,19.17,0.585,0.585,1,0,0,1,0,0
1.0,21.67,1.165,2.5,1,1,1,0,20,0
1.0,21.5,9.75,0.25,1,0,0,0,0,0
1.0,49.58,19.0,0.0,1,1,1,0,0,0
0.0,27.67,1.5,2.0,1,0,0,0,0,0
1.0,39.83,0.5,0.25,1,0,0,0,0,0
1.0,27.25,0.625,0.455,1,0,0,1,0,0
1.0,37.17,4.0,5.0,1,0,0,1,0,0
1.0,25.67,2.21,4.0,1,0,0,0,0,0
1.0,34.0,4.5,1.0,1,0,0,1,0,0
0.0,49.0,1.5,0.0,1,0,0,1,27,0
1.0,62.5,12.75,5.0,1,0,0,0,0,0
1.0,31.42,15.5,0.5,1,0,0,0,0,0
1.0,52.33,1.375,9.46,1,0,0,1,100,0
1.0,28.75,1.5,1.5,1,0,0,1,225,0
0.0,28.58,3.54,0.5,1,0,0,1,0,0
1.0,23.0,0.625,0.125,1,0,0,0,1,0
0.0,22.5,11.0,3.0,1,0,0,1,0,0
0.0,28.5,1.0,1.0,1,1,2,1,500,0
1.0,37.5,1.75,0.25,1,0,0,1,400,0
1.0,35.25,16.5,4.0,1,0,0,0,0,0
1.0,18.67,5.0,0.375,1,1,2,0,38,0
1.0,25.0,12.0,2.25,1,1,2,1,5,0
1.0,27.83,4.0,5.75,1,1,2,1,0,0
1.0,54.83,15.5,0.0,1,1,20,0,130,0
1.0,28.75,1.165,0.5,1,0,0,0,0,0
0.0,25.0,11.0,4.5,1,0,0,0,0,0
1.0,40.92,2.25,10.0,1,0,0,1,0,0
0.0,19.75,0.75,0.795,1,1,5,1,5,0
1.0,29.17,3.5,3.5,1,1,3,1,0,0
0.0,24.5,1.04,0.5,1,1,3,0,147,0
1.0,24.58,12.5,0.875,1,0,0,1,0,0
0.0,33.75,0.75,1.0,1,1,3,1,0,0
1.0,20.67,1.25,1.375,1,1,3,1,210,0
0.0,25.42,1.125,1.29,1,1,2,0,0,0
1.0,37.75,7.0,11.5,1,1,7,1,5,0
1.0,52.5,6.5,6.29,1,1,15,0,11202,1
1.0,57.83,7.04,14.0,1,1,6,1,1332,1
0.0,20.75,10.335,0.335,1,1,1,1,50,1
1.0,39.92,6.21,0.04,1,1,1,0,300,1
1.0,25.67,12.5,1.21,1,1,67,1,258,1
0.0,24.75,12.5,1.5,1,1,12,1,567,1
0.0,44.17,6.665,7.375,1,1,3,1,0,1
0.0,23.5,9.0,8.5,1,1,5,1,0,1
1.0,34.92,5.0,7.5,1,1,6,1,1000,1
1.0,47.67,2.5,2.5,1,1,12,1,2510,1
1.0,22.75,11.0,2.5,1,1,7,1,809,1
1.0,34.42,4.25,3.25,1,1,2,0,610,1
0.0,28.42,3.5,0.835,1,0,0,0,0,1
1.0,67.75,5.5,13.0,1,1,1,1,0,1
1.0,20.42,1.835,2.25,1,1,1,0,150,1
0.0,47.42,8.0,6.5,1,1,6,0,51100,1
1.0,36.25,5.0,2.5,1,1,6,0,367,1
1.0,32.67,5.5,5.5,1,1,12,1,1000,1
1.0,48.58,6.5,6.0,1,0,0,1,0,1
1.0,39.92,0.54,0.5,1,1,3,0,1000,1
1.0,33.58,2.75,4.25,1,1,6,0,0,1
0.0,18.83,9.5,1.625,1,1,6,1,600,1
0.0,26.92,13.5,5.0,1,1,2,0,5000,1
0.0,31.25,3.75,0.625,1,1,9,1,0,1
0.0,56.5,16.0,0.0,1,1,15,0,247,1
1.0,43.0,0.29,1.75,1,1,8,0,375,1
1.0,22.33,11.0,2.0,1,1,1,0,278,1
1.0,27.25,1.665,5.085,1,1,9,0,827,1
1.0,32.83,2.5,2.75,1,1,6,0,2072,1
1.0,23.25,1.5,2.375,1,1,3,1,582,1
0.0,40.33,7.54,8.0,1,1,14,0,2300,1
0.0,30.5,6.5,4.0,1,1,7,1,3065,1
0.0,52.83,15.0,5.5,1,1,14,0,2200,1
0.0,46.67,0.46,0.415,1,1,11,1,6,1
0.0,58.33,10.0,4.0,1,1,14,0,1602,1
1.0,37.33,6.5,4.25,1,1,12,1,0,1
1.0,23.08,2.5,1.085,1,1,11,1,2184,1
1.0,32.75,1.5,5.5,1,1,3,1,0,1
0.0,21.67,11.5,0.0,1,1,11,1,0,1
0.0,28.5,3.04,2.54,1,1,1,0,0,1
0.0,68.67,15.0,0.0,1,1,14,0,3376,1
1.0,28.0,2.0,4.165,1,1,2,1,0,1
1.0,34.08,0.08,0.04,1,1,1,1,2000,1
1.0,27.67,2.0,1.0,1,1,4,0,7544,1
1.0,44.0,2.0,1.75,1,1,2,1,15,1
1.0,25.08,1.71,1.665,1,1,1,1,20,1
1.0,32.0,1.75,0.04,1,0,0,1,0,1
0.0,60.58,16.5,11.0,1,0,0,1,10561,1
0.0,40.83,10.0,1.75,1,0,0,0,837,1
1.0,19.33,9.5,1.0,1,0,0,1,400,1
0.0,32.33,0.54,0.04,1,0,0,0,11177,1
1.0,36.67,3.25,9.0,1,0,0,1,639,1
1.0,37.5,1.125,1.5,0,0,0,1,0,1
0.0,25.08,2.54,0.25,1,0,0,1,0,1
1.0,41.33,0.0,15.0,1,0,0,0,0,1
1.0,56.0,12.5,8.0,1,0,0,1,2028,1
0.0,49.83,13.585,8.5,1,0,0,1,0,1
1.0,22.67,10.5,1.335,1,0,0,0,0,1
1.0,27.0,1.5,0.375,1,0,0,1,1065,1
1.0,25.0,12.5,3.0,1,0,0,1,0,1
0.0,26.08,8.665,1.415,1,0,0,0,150,1
0.0,18.42,9.25,1.21,1,1,4,0,540,1
1.0,20.17,8.17,1.96,1,1,14,0,158,1
1.0,47.67,0.29,15.0,1,1,20,0,15000,1
0.0,21.25,2.335,0.5,1,1,4,0,0,1
0.0,20.67,3.0,0.165,1,1,3,0,6,1
0.0,57.08,19.5,5.5,1,1,7,0,3000,1
0.0,22.42,5.665,2.585,1,1,7,0,3257,1
1.0,48.75,8.5,12.5,1,1,9,0,1655,1
1.0,40.0,6.5,3.5,1,1,1,0,500,1
1.0,40.58,5.0,5.0,1,1,7,0,3065,1
0.0,28.67,1.04,2.5,1,1,5,1,1430,1
0.0,33.08,4.625,1.625,1,1,2,0,0,1
1.0,21.33,10.5,3.0,1,0,0,1,0,1
1.0,42.0,0.205,5.125,1,0,0,0,0,1
1.0,41.75,0.96,2.5,1,0,0,0,600,1
1.0,22.67,1.585,3.085,1,1,6,0,0,1
1.0,34.5,4.04,8.5,1,1,7,1,0,1
1.0,28.25,5.04,1.5,1,1,8,1,7,1
1.0,33.17,3.165,3.165,1,1,3,1,0,1
1.0,48.17,7.625,15.5,1,1,12,0,790,1
1.0,27.58,2.04,2.0,1,1,3,1,560,1
1.0,22.58,10.04,0.04,1,1,9,0,396,1
0.0,24.08,0.5,1.25,1,1,1,0,678,1
0.0,41.33,1.0,2.25,1,0,0,1,300,1
1.0,24.83,2.75,2.25,1,1,6,0,600,1
0.0,20.75,10.25,0.71,1,1,2,1,0,1
1.0,36.33,2.125,0.085,1,1,1,0,1187,1
0.0,35.42,12.0,14.0,1,1,8,0,6590,1
0.0,71.58,0.0,0.0,0,0,0,0,0,1
1.0,28.67,9.335,5.665,1,1,6,0,168,1
1.0,35.17,2.5,4.5,1,1,7,0,1270,1
1.0,39.5,4.25,6.5,1,1,16,0,1210,1
1.0,39.33,5.875,10.0,1,1,14,1,0,1
1.0,24.33,6.625,5.5,1,0,0,1,0,1
1.0,60.08,14.5,18.0,1,1,15,1,1000,1
1.0,23.08,11.5,3.5,1,1,9,0,742,1
1.0,26.67,2.71,5.25,1,1,1,0,0,1
1.0,48.17,3.5,3.5,1,0,0,0,0,1
1.0,41.17,4.04,7.0,1,1,8,0,0,1
1.0,55.92,11.5,5.0,1,1,5,0,8851,1
1.0,53.92,9.625,8.665,1,1,5,0,0,1
0.0,18.92,9.25,1.0,1,1,4,1,500,1
0.0,50.08,12.54,2.29,1,1,3,1,0,1
1.0,65.42,11.0,20.0,1,1,7,1,0,1
0.0,17.58,9.0,1.375,1,0,0,1,0,1
0.0,18.83,9.54,0.085,1,0,0,0,0,1
0.0,37.75,5.5,0.125,1,0,0,1,0,1
1.0,23.25,4.0,0.25,1,0,0,1,0,1
1.0,18.08,5.5,0.5,1,0,0,0,0,1
0.0,22.5,8.46,2.46,0,0,0,0,0,1
1.0,19.67,0.375,2.0,1,1,2,1,0,1
1.0,22.08,11.0,0.665,1,0,0,0,0,1
1.0,25.17,3.5,0.625,1,1,7,0,7059,1
0.0,47.42,3.0,13.875,1,1,2,1,1704,1
1.0,33.5,1.75,4.5,1,1,4,1,857,1
1.0,27.67,13.75,5.75,1,0,0,1,500,1
0.0,58.42,21.0,10.0,1,1,13,0,6700,1
0.0,20.67,1.835,2.085,1,1,5,0,2503,1
1.0,26.17,0.25,0.0,1,0,0,1,0,1
1.0,21.33,7.5,1.415,1,1,1,0,9800,1
1.0,42.83,4.625,4.58,1,0,0,0,0,1
1.0,38.17,10.125,2.5,1,1,6,0,196,1
1.0,20.5,10.0,2.5,1,0,0,0,0,1
1.0,48.25,25.085,1.75,1,1,3,0,14,1
1.0,28.33,5.0,11.0,1,0,0,1,0,1
0.0,18.75,7.5,2.71,1,1,5,0,26726,1
1.0,18.5,2.0,1.5,1,1,2,0,300,1
1.0,33.17,3.04,2.04,1,1,1,1,18027,1
1.0,45.0,8.5,14.0,1,1,1,1,2000,1
0.0,19.67,0.21,0.29,1,1,11,0,99,1
1.0,21.83,11.0,0.29,1,1,6,0,0,1
1.0,40.25,21.5,20.0,1,1,11,0,1200,1
1.0,41.42,5.0,5.0,1,1,6,1,0,1
0.0,17.83,11.0,1.0,1,1,11,0,3000,1
1.0,23.17,11.125,0.46,1,1,1,0,0,1
1.0,18.17,10.25,1.085,0,0,0,0,13,0
1.0,20.0,11.045,2.0,0,0,0,1,0,0
1.0,20.0,0.0,0.5,0,0,0,0,0,0
0.0,20.75,9.54,0.04,0,0,0,0,1000,0
0.0,24.5,1.75,0.165,0,0,0,0,0,0
1.0,32.75,2.335,5.75,0,0,0,1,0,0
0.0,52.17,0.0,0.0,0,0,0,0,0,0
0.0,48.17,1.335,0.335,0,0,0,0,120,0
0.0,20.42,10.5,0.0,0,0,0,1,32,0
1.0,50.75,0.585,0.0,0,0,0,0,0,0
1.0,17.08,0.085,0.04,0,0,0,0,722,0
1.0,18.33,1.21,0.0,0,0,0,0,0,0
0.0,32.0,6.0,1.25,0,0,0,0,0,0
1.0,59.67,1.54,0.125,1,0,0,1,0,1
1.0,18.0,0.165,0.21,0,0,0,0,40,1
1.0,37.58,0.0,0.0,0,0,0,0,0,1
1.0,32.33,2.5,1.25,0,0,0,1,0,0
1.0,18.08,6.75,0.04,0,0,0,0,0,0
1.0,38.25,10.125,0.125,0,0,0,0,0,0
1.0,30.67,2.5,2.25,0,0,0,1,0,0
1.0,18.58,5.71,0.54,0,0,0,0,0,0
0.0,19.17,5.415,0.29,0,0,0,0,484,0
0.0,18.17,10.0,0.165,0,0,0,0,0,0
1.0,24.58,13.5,0.0,0,0,0,0,0,0
1.0,16.25,0.835,0.085,1,0,0,0,0,0
1.0,21.17,0.875,0.25,0,0,0,0,204,0
1.0,23.92,0.585,0.125,0,0,0,0,1,0
1.0,17.67,4.46,0.25,0,0,0,0,0,0
0.0,16.5,1.25,0.25,0,1,1,0,98,0
1.0,23.25,12.625,0.125,0,1,2,0,5552,0
1.0,17.58,10.0,0.165,0,1,1,0,1,0
1.0,29.5,0.58,0.29,0,1,1,0,2803,0
1.0,18.83,0.415,0.165,0,1,1,0,1,0
0.0,21.75,1.75,0.0,0,0,0,0,0,0
1.0,23.0,0.75,0.5,0,0,0,1,0,0
0.0,18.25,10.0,1.0,0,1,1,0,1,0
1.0,25.42,0.54,0.165,0,1,1,0,444,0
1.0,35.75,2.415,0.125,0,1,2,0,1,0
0.0,16.08,0.335,0.0,0,1,1,0,126,0
0.0,31.92,3.125,3.04,0,1,2,1,4,0
1.0,69.17,9.0,4.0,0,1,1,0,6,0
1.0,32.92,2.5,1.75,0,1,2,1,0,0
1.0,16.33,2.75,0.665,0,1,1,0,21,0
1.0,22.17,12.125,3.335,0,1,2,1,173,0
0.0,57.58,2.0,6.5,0,1,1,0,10,0
1.0,18.25,0.165,0.25,0,0,0,1,0,0
1.0,23.42,1.0,0.5,0,0,0,1,0,0
0.0,15.92,2.875,0.085,0,0,0,0,0,0
0.0,24.75,13.665,1.5,0,0,0,0,1,0
1.0,48.75,26.335,0.0,1,0,0,1,0,0
1.0,23.5,2.75,4.5,0,0,0,0,25,0
1.0,18.58,10.29,0.415,0,0,0,0,0,0
1.0,27.75,1.29,0.25,0,0,0,1,0,0
0.0,31.75,3.0,0.0,0,0,0,0,20,0
0.0,24.83,4.5,1.0,0,0,0,1,6,0
1.0,19.0,1.75,2.335,0,0,0,1,6,0
0.0,16.33,0.21,0.125,0,0,0,0,1,0
0.0,18.58,10.0,0.415,0,0,0,0,42,0
1.0,16.25,0.0,0.25,0,0,0,0,0,0
1.0,23.0,0.75,0.5,1,0,0,1,0,0
1.0,21.17,0.25,0.25,0,0,0,0,204,0
1.0,17.5,22.0,0.0,0,0,0,1,100000,1
1.0,19.17,0.0,0.0,0,0,0,1,1,1
1.0,36.75,0.125,1.5,0,0,0,1,113,1
1.0,21.25,1.5,1.5,0,0,0,0,8,1
0.0,18.08,0.375,10.0,0,0,0,1,0,1
0.0,33.67,0.375,0.375,0,0,0,0,44,1
1.0,48.58,0.205,0.25,1,1,11,0,2732,1
1.0,33.67,1.25,1.165,0,0,0,0,0,0
0.0,29.5,1.085,1.0,0,0,0,0,13,0
1.0,30.17,1.085,0.04,0,0,0,0,179,0
1.0,34.83,2.5,3.0,0,0,0,0,0,0
1.0,20.42,0.0,0.0,0,0,0,0,0,0
0.0,33.25,2.5,2.5,0,0,0,1,2,0
1.0,34.08,2.5,1.0,0,0,0,0,16,0
0.0,25.25,12.5,1.0,0,0,0,1,1062,0
1.0,34.75,2.5,0.5,0,0,0,0,0,0
1.0,27.67,0.75,0.165,0,0,0,1,251,0
1.0,47.33,6.5,1.0,0,0,0,1,228,0
0.0,34.83,1.25,0.5,0,0,0,1,0,0
0.0,33.25,3.0,2.0,0,0,0,0,0,0
1.0,28.0,3.0,0.75,0,0,0,1,67,0
0.0,39.08,4.0,3.0,0,0,0,0,0,0
1.0,42.75,4.085,0.04,0,0,0,0,100,0
1.0,26.92,2.25,0.5,0,0,0,1,4000,0
1.0,33.75,2.75,0.0,0,0,0,0,0,0
1.0,38.92,1.75,0.5,0,0,0,1,2,0
1.0,62.75,7.0,0.0,0,0,0,0,12,0
1.0,26.75,4.5,2.5,0,0,0,0,1210,0
1.0,63.33,0.54,0.585,1,1,3,1,0,0
1.0,27.83,1.5,2.25,0,1,1,1,3,0
0.0,26.17,2.0,0.0,0,0,0,1,1,0
1.0,22.17,0.585,0.0,0,0,0,0,0,0
1.0,22.5,11.5,1.5,0,0,0,1,4000,0
1.0,30.75,1.585,0.585,0,0,0,1,0,0
1.0,36.67,2.0,0.25,0,0,0,1,0,0
0.0,16.0,0.165,1.0,0,1,2,1,1,0
1.0,41.17,1.335,0.165,0,0,0,0,0,0
0.0,19.5,0.165,0.04,0,0,0,1,0,0
1.0,32.42,3.0,0.165,0,0,0,1,0,0
0.0,36.75,4.71,0.0,0,0,0,0,0,0
0.0,30.25,5.5,5.5,0,0,0,1,0,0
1.0,23.08,2.5,0.085,0,0,0,1,4208,0
1.0,26.83,0.54,0.0,0,0,0,0,0,0
1.0,16.92,0.335,0.29,0,0,0,0,0,0
1.0,24.42,2.0,0.165,0,1,2,0,1300,0
1.0,42.83,1.25,13.875,0,1,1,1,112,0
0.0,22.75,6.165,0.165,0,0,0,0,1000,0
1.0,39.42,1.71,0.165,0,0,0,0,0,0
0.0,23.58,11.5,3.0,0,0,0,1,16,0
1.0,21.42,0.75,0.75,0,0,0,1,2,0
1.0,33.0,2.5,7.0,0,0,0,1,0,0
1.0,26.33,13.0,0.0,0,0,0,1,1110,0
0.0,45.0,4.585,1.0,0,0,0,1,0,0
1.0,26.25,1.54,0.125,0,0,0,0,0,0
0.0,20.83,0.5,1.0,0,0,0,0,0,0
1.0,28.67,14.5,0.125,0,0,0,0,286,0
1.0,20.67,0.835,2.0,0,0,0,1,0,0
1.0,34.42,1.335,0.125,0,0,0,1,4500,0
1.0,33.58,0.25,4.0,0,0,0,1,0,0
1.0,43.17,5.0,2.25,0,0,0,1,0,0
0.0,22.67,7.0,0.165,0,0,0,0,0,0
0.0,24.33,2.5,4.5,0,0,0,0,456,0
0.0,56.83,4.25,5.0,0,0,0,1,4,0
1.0,22.08,11.46,1.585,0,0,0,1,1212,0
1.0,34.0,5.5,1.5,0,0,0,1,0,0
1.0,22.58,1.5,0.54,0,0,0,1,67,0
1.0,21.17,0.0,0.5,0,0,0,1,0,0
1.0,26.67,14.585,0.0,0,0,0,1,0,0
1.0,22.92,0.17,0.085,0,0,0,0,0,0
1.0,15.17,7.0,1.0,0,0,0,0,0,0
1.0,39.92,5.0,0.21,0,0,0,0,0,0
1.0,27.42,12.5,0.25,0,0,0,1,0,0
1.0,24.75,0.54,1.0,0,0,0,1,1,0
1.0,41.17,1.25,0.25,0,0,0,0,195,0
0.0,33.08,1.625,0.54,0,0,0,1,0,0
1.0,29.83,2.04,0.04,0,0,0,0,1,0
0.0,23.58,0.585,0.125,0,0,0,0,87,0
1.0,26.17,12.5,1.25,0,0,0,1,17,0
1.0,31.0,2.085,0.085,0,0,0,0,0,0
1.0,20.75,5.085,0.29,0,0,0,0,184,0
1.0,28.92,0.375,0.29,0,0,0,0,140,0
0.0,51.92,6.5,3.085,0,0,0,1,0,0
0.0,22.67,0.335,0.75,0,0,0,0,0,0
1.0,34.0,5.085,1.085,0,0,0,1,0,0
0.0,69.5,6.0,0.0,0,0,0,0,0,0
0.0,40.33,8.125,0.165,0,1,2,0,18,0
0.0,19.58,0.665,1.0,0,1,1,0,2,0
1.0,16.0,3.125,0.085,0,1,1,0,6,0
1.0,17.08,0.25,0.335,0,1,4,0,8,0
1.0,31.25,2.835,0.0,0,1,5,0,146,0
1.0,25.17,3.0,1.25,0,1,1,0,22,0
0.0,22.67,0.79,0.085,0,0,0,0,0,0
1.0,40.58,1.5,0.0,0,0,0,0,0,0
1.0,22.25,0.46,0.125,0,0,0,1,55,0
0.0,22.25,1.25,3.25,0,0,0,0,0,0
1.0,22.5,0.125,0.125,0,0,0,0,70,0
1.0,23.58,1.79,0.54,0,0,0,1,1,0
1.0,38.42,0.705,0.375,0,1,2,0,500,0
0.0,26.58,2.54,0.0,0,0,0,1,60,0
1.0,35.0,2.5,1.0,0,0,0,1,0,0
1.0,20.42,1.085,1.5,0,0,0,0,7,0
1.0,29.42,1.25,1.75,0,0,0,0,0,0
1.0,26.17,0.835,1.165,0,0,0,0,0,0
1.0,33.67,2.165,1.5,0,0,0,0,0,0
1.0,24.58,1.25,0.25,0,0,0,0,0,0
0.0,27.67,2.04,0.25,0,0,0,1,50,0
1.0,37.5,0.835,0.04,0,0,0,0,5,0
1.0,49.17,2.29,0.29,0,0,0,0,3,0
1.0,33.58,0.335,0.085,0,0,0,0,0,0
1.0,51.83,3.0,1.5,0,0,0,0,4,0
1.0,22.92,3.165,0.165,0,0,0,0,1058,0
1.0,21.83,1.54,0.085,0,0,0,1,0,0
1.0,25.25,1.0,0.5,0,0,0,0,0,0
1.0,58.58,2.71,2.415,0,0,0,1,0,0
1.0,19.0,0.0,0.0,0,1,4,0,1,0
1.0,19.58,0.585,0.0,0,1,3,0,769,0
0.0,53.33,0.165,0.0,0,0,0,1,27,0
0.0,27.17,1.25,0.0,0,1,1,0,300,0
1.0,25.92,0.875,0.375,0,1,2,1,3,0
1.0,23.08,0.0,1.0,0,1,11,0,0,0
1.0,39.58,5.0,0.0,0,1,2,0,1,0
1.0,30.58,2.71,0.125,0,0,0,1,0,0
1.0,17.25,3.0,0.04,0,0,0,1,40,0
0.0,17.67,0.0,0.0,0,0,0,0,0,0
1.0,16.5,0.125,0.165,0,0,0,0,0,0
0.0,27.33,1.665,0.0,0,0,0,0,1,0
1.0,31.25,1.125,0.0,0,1,1,0,19,0
1.0,20.0,7.0,0.5,0,0,0,0,0,0
1.0,39.5,1.625,1.5,0,0,0,0,316,0
1.0,36.5,4.25,3.5,0,0,0,0,50,0
1.0,52.42,1.5,3.75,0,0,0,1,350,0
1.0,36.17,18.125,0.085,0,0,0,0,3552,0
1.0,34.58,0.0,0.0,0,0,0,0,0,0
1.0,29.67,0.75,0.04,0,0,0,0,0,0
1.0,36.17,5.5,5.0,0,0,0,0,687,0
1.0,25.67,0.29,1.5,0,0,0,1,0,0
0.0,24.5,2.415,0.0,0,0,0,0,0,0
1.0,24.08,0.875,0.085,0,1,4,0,1950,0
1.0,21.92,0.5,0.125,0,0,0,0,0,0
0.0,36.58,0.29,0.0,0,1,10,0,18,0
0.0,23.0,1.835,0.0,0,1,1,0,53,0
0.0,27.58,3.0,2.79,0,1,1,1,10,0
1.0,31.08,3.085,2.5,0,1,2,1,41,0
0.0,30.42,1.375,0.04,0,1,3,0,33,0
1.0,22.08,2.335,0.75,0,0,0,0,0,0
1.0,16.33,4.085,0.415,0,0,0,1,0,0
0.0,21.92,11.665,0.085,0,0,0,0,5,0
1.0,21.08,4.125,0.04,0,0,0,0,100,0
1.0,17.42,6.5,0.125,0,0,0,0,100,0
1.0,19.17,4.0,1.0,0,0,0,1,1000,0
1.0,20.67,0.415,0.125,0,0,0,0,44,0
1.0,26.75,2.0,0.75,0,0,0,1,0,0
1.0,23.58,0.835,0.085,0,0,0,1,5,0
1.0,39.17,2.5,10.0,0,0,0,1,0,0
1.0,22.75,11.5,0.415,0,0,0,0,0,0
0.0,16.92,0.5,0.165,0,1,6,1,35,0
1.0,23.5,3.165,0.415,0,1,1,1,80,0
0.0,17.33,9.5,1.75,0,1,10,1,10,0
1.0,23.75,0.415,0.04,0,1,2,0,6,0
1.0,34.67,1.08,1.165,0,0,0,0,0,0
1.0,74.83,19.0,0.04,0,1,2,0,351,0
1.0,28.17,0.125,0.085,0,0,0,0,2100,0
1.0,24.5,13.335,0.04,0,0,0,1,475,0
1.0,18.83,3.54,0.0,0,0,0,1,1,0
0.0,47.25,0.75,2.75,1,1,1,0,892,1
1.0,24.17,0.875,4.625,1,1,2,1,2000,1
1.0,39.25,9.5,6.5,1,1,14,0,4607,1
0.0,20.5,11.835,6.0,1,0,0,0,0,1
0.0,18.83,4.415,3.0,1,0,0,0,0,1
1.0,19.17,9.5,1.5,1,0,0,0,2206,1
0.0,25.0,0.875,1.04,1,0,0,1,5860,1
1.0,20.17,9.25,1.665,1,1,3,1,28,1
1.0,25.75,0.5,1.46,1,1,5,1,0,1
1.0,20.42,7.0,1.625,1,1,3,0,1391,1
1.0,39.0,5.0,3.5,1,1,10,1,0,1
0.0,64.08,0.165,0.0,1,1,1,0,100,1
1.0,28.25,5.125,4.75,1,1,2,0,7,1
0.0,28.75,3.75,1.085,1,1,1,1,0,1
1.0,31.33,19.5,7.0,1,1,16,0,5000,1
0.0,18.92,9.0,0.75,1,1,2,0,591,1
0.0,24.75,3.0,1.835,1,1,19,0,500,1
0.0,30.67,12.0,2.0,1,1,1,0,19,1
1.0,21.0,4.79,2.25,1,1,1,1,300,1
1.0,13.75,4.0,1.75,1,1,2,1,1000,1
0.0,46.0,4.0,0.0,1,0,0,0,960,1
0.0,44.33,0.0,2.5,1,0,0,0,0,1
1.0,20.25,9.96,0.0,1,0,0,0,0,1
1.0,22.67,2.54,2.585,1,0,0,0,0,1
0.0,60.92,5.0,4.0,1,1,4,0,99,1
1.0,16.08,0.75,1.75,1,1,5,1,690,1
0.0,28.17,0.375,0.585,1,1,4,0,0,1
1.0,39.17,1.71,0.125,1,1,5,1,0,1
0.0,30.0,5.29,2.25,1,1,5,1,500,1
1.0,22.83,3.0,1.29,1,1,1,0,800,1
0.0,22.5,8.5,1.75,1,1,10,0,990,0
0.0,28.58,1.665,2.415,1,0,0,1,0,0
1.0,45.17,1.5,2.5,1,0,0,1,0,0
1.0,41.58,1.75,0.21,1,0,0,0,0,0
0.0,57.08,0.335,1.0,1,0,0,1,2197,0
0.0,55.75,7.08,6.75,1,1,3,1,50,0
1.0,43.25,25.21,0.21,1,1,1,0,90,0
0.0,25.33,2.085,2.75,1,0,0,1,1,0
0.0,24.58,0.67,1.75,1,0,0,0,0,0
1.0,43.17,2.25,0.75,1,0,0,0,0,0
1.0,40.92,0.835,0.0,1,0,0,0,1,0
1.0,31.83,2.5,7.5,1,0,0,1,0,0
0.0,33.92,1.585,0.0,1,0,0,0,0,0
0.0,24.92,1.25,0.0,1,0,0,0,0,0
1.0,35.25,3.165,3.75,1,0,0,1,0,0
1.0,34.25,1.75,0.25,1,0,0,1,0,0
1.0,80.25,5.5,0.54,1,0,0,0,340,0
1.0,19.42,1.5,2.0,1,0,0,1,20,0
1.0,42.75,3.0,1.0,1,0,0,0,200,0
1.0,19.67,10.0,0.835,1,0,0,1,0,0
1.0,36.33,3.79,1.165,1,0,0,1,0,0
1.0,30.08,1.04,0.5,1,1,10,1,28,0
1.0,44.25,11.0,1.5,1,0,0,0,0,0
1.0,23.58,0.46,2.625,1,1,6,1,347,0
1.0,23.92,1.5,1.875,1,1,6,0,327,1
1.0,33.17,1.0,0.75,1,1,7,1,4071,1
1.0,48.33,12.0,16.0,1,0,0,0,0,1
1.0,76.75,22.29,12.75,1,1,1,1,109,1
1.0,51.33,10.0,0.0,1,1,11,0,1249,1
1.0,34.75,15.0,5.375,1,1,9,1,134,1
1.0,38.58,3.335,4.0,1,1,14,0,1344,1
0.0,22.42,11.25,0.75,1,1,4,0,321,1
1.0,41.92,0.42,0.21,1,1,6,0,948,1
1.0,29.58,4.5,7.5,1,1,2,1,0,1
0.0,32.17,1.46,1.085,1,1,16,0,2079,1
1.0,51.42,0.04,0.04,1,0,0,0,3000,1
0.0,22.83,2.29,2.29,1,1,7,1,2384,1
0.0,25.0,12.33,3.5,1,1,6,0,458,1
1.0,26.75,1.125,1.25,1,0,0,0,5298,1
1.0,23.33,1.5,1.415,1,0,0,0,200,1
1.0,24.42,12.335,1.585,1,0,0,1,0,1
1.0,42.17,5.04,12.75,1,0,0,1,0,1
0.0,20.83,3.0,0.04,1,0,0,0,0,1
1.0,23.08,11.5,2.125,1,1,11,1,284,1
0.0,25.17,2.875,0.875,1,0,0,0,0,1
1.0,43.08,0.375,0.375,1,1,8,1,162,1
0.0,35.75,0.915,0.75,1,1,4,0,1583,1
1.0,59.5,2.75,1.75,1,1,5,1,58,1
1.0,21.0,3.0,1.085,1,1,8,1,1,1
1.0,21.92,0.54,0.04,1,1,1,1,59,1
0.0,65.17,14.0,0.0,1,1,11,1,1400,1
0.0,20.33,10.0,1.0,1,1,4,0,1465,1
1.0,32.25,0.165,3.25,1,1,1,1,8000,1
1.0,30.17,0.5,1.75,1,1,11,0,540,1
1.0,25.17,6.0,1.0,1,1,3,0,0,1
1.0,39.17,1.625,1.5,1,1,10,0,4700,1
1.0,39.08,6.0,1.29,1,1,5,1,1097,1
1.0,31.67,0.83,1.335,1,1,8,1,3290,1
1.0,41.0,0.04,0.04,0,1,1,0,0,1
1.0,48.5,4.25,0.125,1,0,0,1,0,1
1.0,32.67,9.0,5.25,1,0,0,1,0,1
0.0,28.08,15.0,0.0,1,0,0,0,13212,1
1.0,73.42,17.75,0.0,1,0,0,1,0,1
1.0,64.08,20.0,17.5,1,1,9,1,1000,1
1.0,51.58,15.0,8.5,1,1,9,0,0,1
1.0,26.67,1.75,1.0,1,1,5,1,5777,1
1.0,25.33,0.58,0.29,1,1,7,1,5124,1
1.0,30.17,6.5,3.125,1,1,8,0,1200,1
1.0,27.0,0.75,4.25,1,1,3,1,150,1
1.0,23.17,0.0,0.0,0,0,0,0,0,1
1.0,34.17,5.25,0.085,0,0,0,1,6,1
1.0,38.67,0.21,0.085,1,0,0,1,0,1
1.0,25.75,0.75,0.25,1,0,0,0,23,1
0.0,46.08,3.0,2.375,1,1,8,1,4159,1
0.0,21.5,6.0,2.5,1,1,3,0,918,1
1.0,20.5,2.415,2.0,1,1,11,1,3000,1
0.0,29.5,0.46,0.54,1,1,4,0,500,1
1.0,29.83,1.25,0.25,0,0,0,0,0,0
1.0,20.08,0.25,0.125,0,0,0,0,0,0
1.0,23.42,0.585,0.085,1,0,0,0,0,0
0.0,29.58,1.75,1.25,0,0,0,1,0,0
1.0,16.17,0.04,0.04,0,0,0,0,0,1
1.0,32.33,3.5,0.5,0,0,0,1,0,0
1.0,47.83,4.165,0.085,0,0,0,1,0,0
1.0,20.0,1.25,0.125,0,0,0,0,4,0
1.0,27.58,3.25,5.085,0,1,2,1,1,0
1.0,22.0,0.79,0.29,0,1,1,0,283,0
1.0,19.33,10.915,0.585,0,1,2,1,7,0
0.0,38.33,4.415,0.125,0,0,0,0,0,0
1.0,29.42,1.25,0.25,0,1,2,1,108,0
1.0,22.67,0.75,1.585,0,1,1,1,9,0
1.0,32.25,14.0,0.0,0,1,2,0,1,0
1.0,29.58,4.75,2.0,0,1,1,1,68,0
1.0,18.42,10.415,0.125,1,0,0,0,375,0
1.0,22.17,2.25,0.125,0,0,0,0,10,0
1.0,22.67,0.165,2.25,0,0,0,1,0,1
0.0,25.58,0.0,0.0,0,0,0,0,0,1
1.0,18.83,0.0,0.665,0,0,0,0,1,0
1.0,21.58,0.79,0.665,0,0,0,0,0,0
1.0,23.75,12.0,2.085,0,0,0,0,0,0
1.0,22.0,7.835,0.165,0,0,0,1,0,0
1.0,36.08,2.54,0.0,0,0,0,0,1000,0
1.0,29.25,13.0,0.5,0,0,0,0,0,0
0.0,19.58,0.665,1.665,0,0,0,0,5,0
0.0,22.92,1.25,0.25,0,0,0,1,809,0
0.0,27.25,0.29,0.125,0,1,1,1,108,0
0.0,38.75,1.5,0.0,0,0,0,0,0,0
1.0,32.42,2.165,0.0,0,0,0,0,0,0
0.0,23.75,0.71,0.25,0,1,1,1,4,0
1.0,18.17,2.46,0.96,0,1,2,1,587,0
1.0,40.92,0.5,0.5,0,0,0,1,0,0
1.0,19.5,9.585,0.79,0,0,0,0,350,0
1.0,28.58,3.625,0.25,0,0,0,1,0,0
1.0,35.58,0.75,1.5,0,0,0,1,0,0
1.0,34.17,2.75,2.5,0,0,0,1,200,0
1.0,31.58,0.75,3.5,0,0,0,1,0,0
0.0,52.5,7.0,3.0,0,0,0,0,0,0
1.0,36.17,0.42,0.29,0,0,0,1,2,0
1.0,37.33,2.665,0.165,0,0,0,1,501,0
0.0,20.83,8.5,0.165,0,0,0,0,351,0
1.0,24.08,9.0,0.25,0,0,0,1,0,0
1.0,25.58,0.335,3.5,0,0,0,1,0,0
0.0,35.17,3.75,0.0,0,1,6,0,200,0
1.0,48.08,3.75,1.0,0,0,0,0,2,0
0.0,15.83,7.625,0.125,0,1,1,1,160,0
0.0,22.5,0.415,0.335,0,0,0,1,0,0
1.0,21.5,11.5,0.5,1,0,0,1,68,0
0.0,23.58,0.83,0.415,0,1,1,1,11,0
0.0,21.08,5.0,0.0,0,0,0,0,0,0
1.0,25.67,3.25,2.29,0,1,1,1,21,0
0.0,38.92,1.665,0.25,0,0,0,0,390,0
0.0,15.75,0.375,1.0,0,0,0,0,18,0
0.0,28.58,3.75,0.25,0,1,1,1,154,0
1.0,22.25,9.0,0.085,0,0,0,0,0,0
1.0,29.83,3.5,0.165,0,0,0,0,0,0
0.0,23.5,1.5,0.875,0,0,0,1,0,0
1.0,32.08,4.0,1.5,0,0,0,1,0,0
1.0,31.08,1.5,0.04,0,0,0,0,0,0
1.0,31.83,0.04,0.04,0,0,0,0,0,0
0.0,21.75,11.75,0.25,0,0,0,1,0,0
0.0,17.92,0.54,1.75,0,1,1,1,5,0
1.0,30.33,0.5,0.085,0,0,0,1,0,0
1.0,51.83,2.04,1.5,0,0,0,0,1,0
1.0,47.17,5.835,5.5,0,0,0,0,150,0
1.0,25.83,12.835,0.5,0,0,0,0,2,0
0.0,50.25,0.835,0.5,0,0,0,1,117,0
0.0,37.33,2.5,0.21,0,0,0,0,246,0
0.0,41.58,1.04,0.665,0,0,0,0,237,0
0.0,30.58,10.665,0.085,0,1,12,1,3,0
1.0,19.42,7.25,0.04,0,1,1,0,1,0
0.0,17.92,10.21,0.0,0,0,0,0,50,0
0.0,20.08,1.25,0.0,0,0,0,0,0,0
1.0,19.5,0.29,0.29,0,0,0,0,364,0
1.0,27.83,1.0,3.0,0,0,0,0,537,0
1.0,17.08,3.29,0.335,0,0,0,1,2,0
1.0,36.42,0.75,0.585,0,0,0,0,3,0
1.0,40.58,3.29,3.5,0,0,0,1,0,0
1.0,21.08,10.085,1.25,0,0,0,0,0,0
0.0,22.67,0.75,2.0,0,1,2,1,394,0
0.0,25.25,13.5,2.0,0,1,1,1,1,0
1.0,17.92,0.205,0.04,0,0,0,0,750,0
1.0,35.0,3.375,8.29,0,0,0,1,0,0
